Phosphatase accession numbers,Phosphatase entry names,Substrate accession numbers,Substrate entry names,Dephosphosites,5 amino acid window around the dephosphosite (small letters),Assay/s to infer dephosphorylation,Literature source/s,Reliability score
P36873,PPP1CC,O00168,FXYD1,Ser-88,SIRRLsTRRR-,In vitro,26668322,1
P17706,PTPN2,O00401,WASL,Tyr-256,TSKVIyDFIEK,In vitro,16293614,1
Q08209,PPP3CA,O00429,DNM1L,Ser-637 ,VARKLsAREQR,In vivo,"18838687, 17721437",2
P16298,PPP3CB,O00429,DNM1L,Ser-637 ,VARKLsAREQR,In vivo,"18838687, 17721437",2
P48454,PPP3CC,O00429,DNM1L,Ser-637 ,VARKLsAREQR,In vivo,"18838687, 17721437",2
O75365,PTP4A3,O14745,SLC9A3R1,N/A,N/A,In vivo,25897829,1
P67775,PPP2CA,O14745,SLC9A3R1,"Ser-339, Ser-340",AHQKRsSKRAP HQKRSsKRAPQ,In vitro and in vivo,"22301917, 22523600",3
P62714,PPP2CB,O14745,SLC9A3R1,"Ser-339, Ser-340",AHQKRsSKRAP HQKRSsKRAPQ,In vitro and in vivo,"22301917, 22523600",3
P67775,PPP2CA,O14757,CHEK1,"Ser-317, Ser-345","VKYSSsQPEPR, QGISFsQPTCP",In vitro and in vivo,17015476,2
P62714,PPP2CB,O14757,CHEK1,"Ser-317, Ser-345","VKYSSsQPEPR, QGISFsQPTCP",In vitro and in vivo,17015476,2
O15297,PPM1D,O14757,CHEK1,Ser-345,QGISFsQPTCP,In vitro and in vivo,15870257,2
P67775,PPP2CA,O14920,IKBKB,N/A,N/A,In vivo,"19607706, 29139553",2
P62714,PPP2CB,O14920,IKBKB,Ser-181,GSLCTsFVGTL,In vitro and in vivo,"17188031, 19607706, 29139553",3
P35813,PPM1A,O14920,IKBKB,"Ser-177, Ser-181","ELDQGsLCTSF, GSLCTsFVGTL",In vitro and in vivo,18930133,2
O75688,PPM1B,O14920,IKBKB,"Ser-177, Ser-181","ELDQGsLCTSF, GSLCTsFVGTL",In vitro and in vivo,"14585847, 18930133",3
Q96MI6,PPM1M,O14920,IKBKB,N/A,N/A,In vitro and in vivo,19594441,2
P62136,PPP1CA,O14965,AURKA,Thr-288,SSRRTtLCGTL,In vitro,11039908,1
P62140,PPP1CB,O14965,AURKA,Thr-288,SSRRTtLCGTL,In vitro,11039908,1
P36873,PPP1CC,O14965,AURKA,Thr-288,SSRRTtLCGTL,In vitro,11039908,1
O00743,PPP6C,O14965,AURKA,N/A,N/A,In vitro,21187329,1
P67775,PPP2CA,O15111,CHUK,N/A,N/A,In vitro,9252186,1
P62714,PPP2CB,O15111,CHUK,N/A,N/A,In vitro,9252186,1
P62136,PPP1CA,O15169,AXIN1,"Ser-75, Ser-77, Ser-217, Ser-469 ","YEPEGsASPTP, PEGSAsPTPPY, RTGSEsPKVCS, EENPEsILDEH",In vivo,17318175,1
P62140,PPP1CB,O15169,AXIN1,"Ser-75, Ser-77, Ser-217, Ser-469 ","YEPEGsASPTP, PEGSAsPTPPY, RTGSEsPKVCS, EENPEsILDEH",In vivo,17318175,1
P36873,PPP1CC,O15169,AXIN1,"Ser-75, Ser-77, Ser-217, Ser-469 ","YEPEGsASPTP, PEGSAsPTPPY, RTGSEsPKVCS, EENPEsILDEH",In vivo,17318175,1
P67775,PPP2CA,O15169,AXIN1,N/A,N/A,In vitro,10421629,1
P62714,PPP2CB,O15169,AXIN1,N/A,N/A,In vitro,10421629,1
P35813,PPM1A,O15169,AXIN1,N/A,N/A,In vitro and in vivo,10644691,2
P18031,PTPN1,O15357,INPPL1,N/A,N/A,In vitro,18515860,1
P60510,PPP4C,O15379,HDAC3,Ser-424,DNDKEsDVEI-,In vivo,15805470,1
Q9NRX4,PHPT1,O15554,KCNN4,His-358,QVRLKhRKLRE,In vitro and in vivo,18796614,2
P67775,PPP2CA,O43318,MAP3K7,Thr-187,IQTHMtNNKGS,In vitro,17079228,1
P62714,PPP2CB,O43318,MAP3K7,Thr-187,IQTHMtNNKGS,In vitro,17079228,1
O75688,PPM1B,O43318,MAP3K7,Ser-192,TNNKGsAAWMA,In vitro,11104763,1
Q5SGD2,PPM1L,O43318,MAP3K7,N/A,N/A,In vitro,12556533,1
O00743,PPP6C,O43318,MAP3K7,Thr-187,IQTHMtNNKGS,In vivo,17079228,1
P24666,ACP1,O43561,LAT,N/A,N/A,In vitro,17537991,1
P18031,PTPN1,O43561,LAT,N/A,N/A,In vitro and in vivo,12857726,2
Q12913,PTPRJ,O43561,LAT,N/A,N/A,In vitro,11259588,1
Q99952,PTPN18,O43586,PSTPIP1,N/A,NULL,In vivo,9265651,1
Q05209,PTPN12,O43586,PSTPIP1,Tyr-344 ,RNELVyASIEV,In vivo,11711533,1
Q06124,PTPN11,O43597,SPRY2,N/A,N/A,In vitro and in vivo,15031289,2
Q06124,PTPN11,O43609,SPRY1,N/A,N/A,In vitro and in vivo,15031289,2
P62136,PPP1CA,O43865,AHCYL1,Ser-68,LSRSIsQSSTD,In vitro and in vivo,17635105,2
P62140,PPP1CB,O43865,AHCYL1,Ser-68,LSRSIsQSSTD,In vitro and in vivo,17635105,2
P36873,PPP1CC,O43865,AHCYL1,Ser-68,LSRSIsQSSTD,In vitro and in vivo,17635105,2
P62136,PPP1CA,O60343,TBC1D4,"Ser-588, Thr-642","RGRLGsVDSFE, RRRAHtFSHPP",In vitro,27246912,1
P08575,PTPRC,O60674,JAK2,"Tyr-1007, Tyr-1008","PQDKEyYKVKE, QDKEYyKVKEP",In vitro,11201744,1
P18031,PTPN1,O60674,JAK2,"Tyr-1007, Tyr-1008","PQDKEyYKVKE, QDKEYyKVKEP",In vitro and in vivo,"11970898, 15821101, 11694501",3
P29350,PTPN6,O60674,JAK2,N/A,N/A,In vivo,8943354,1
Q06124,PTPN11,O60674,JAK2,Tyr-1007,PQDKEyYKVKE,In vivo,14522994,1
Q12913,PTPRJ,O60716,CTNND1,N/A,N/A,In vitro,12370829,1
P28827,PTPRM,O60716,CTNND1,N/A,N/A,In vitro and in vivo,10753936,2
O14522,PTPRT,O60716,CTNND1,N/A,N/A,In vitro,16973135,1
P29350,PTPN6,O60716,CTNND1,N/A,N/A,In vivo,10835420,1
P18031,PTPN1,O60716,CTNND1,N/A,N/A,In vitro,18515860,1
P62136,PPP1CA,O75376,NCOR1,N/A,N/A,In vivo,12410313,1
P62140,PPP1CB,O75376,NCOR1,N/A,N/A,In vivo,12410313,1
P36873,PPP1CC,O75376,NCOR1,N/A,N/A,In vivo,12410313,1
P62136,PPP1CA,O75494,SRSF10,N/A,N/A,In vitro,17936706,1
P62140,PPP1CB,O75494,SRSF10,N/A,N/A,In vitro,17936706,1
P36873,PPP1CC,O75494,SRSF10,N/A,N/A,In vitro,17936706,1
P18031,PTPN1,O75886,STAM2,Tyr-291,EPEPVyIDEDK,In vitro and in vivo,20504764,2
P29350,PTPN6,O94916,NFAT5,Tyr-143,RHTVLyISPPP,In vitro and in vivo,20351292,2
Q06124,PTPN11,O95297,MPZL1,"Tyr-241, Tyr-263 ","QGPVIyAQLDH, SESVVyADIRK",In vitro,"9792637, 10681522",1
P67775,PPP2CA,O96017,CHEK2,Thr-68,LETVStQELYS,In vitro and in vivo,"15380617, 16596250",3
P62714,PPP2CB,O96017,CHEK2,Thr-68,LETVStQELYS,In vitro and in vivo,"15380617, 16596250",3
O15297,PPM1D,O96017,CHEK2,Thr-68,LETVStQELYS,In vitro and in vivo,16311512,2
Q99952,PTPN18,P00519,ABL1,N/A ,NULL,In vivo,11163214,1
Q05209,PTPN12,P00519,ABL1,N/A ,N/A ,In vivo,11163214,1
P30304,CDC25A,P00533,EGFR,N/A,N/A,In vitro and in vivo,11912208,2
P24666,ACP1,P00533,EGFR,N/A,N/A,In vitro,"9784386, 2787757, 7532092",2
P18031,PTPN1,P00533,EGFR,Tyr-1016 ,VDADEyLIPQQ,In vitro and in vivo,"9050838, 10889023, 7540771, 8621392, 12424235, 9355745, 21123182",3
P43378,PTPN9,P00533,EGFR,N/A,N/A,In vivo,20335174,1
Q92729,PTPRU,P00533,EGFR,N/A,N/A,In vitro,8870675,1
Q12913,PTPRJ,P00533,EGFR,"Tyr-1069, Tyr-1092, Tyr-1197 ","SFLQRySSDPT, LPVPEyINQSV, AENAEyLRVAP",In vivo,19836242,1
Q15262,PTPRK,P00533,EGFR,"Tyr-1092, Tyr-1197 ","LPVPEyINQSV, AENAEyLRVAP",In vitro and in vivo,16263724,2
Q13332,PTPRS,P00533,EGFR,N/A,N/A,In vivo,"10435588, 15522239",2
P29350,PTPN6,P00533,EGFR,N/A,N/A,In vitro and in vivo,9038217,2
Q06124,PTPN11,P00533,EGFR,Tyr-1016 ,VDADEyLIPQQ,In vitro and in vivo,"14560030, 12582165",2
P17706,PTPN2,P00533,EGFR,N/A,N/A,In vitro and in vivo,"9488479, 10488121, 11479308",2
P51452,DUSP3,P00533,EGFR,Tyr-1016 ,VDADEyLIPQQ,In vitro and in vivo,"21262974, 1281549",3
Q8TF42,UBASH3B,P00533,EGFR,N/A,N/A,In vitro,17880946,1
P67775,PPP2CA,P01106,MYC,"Ser-62, Thr-58","PTPPLsPSRRS, FELLPtPPLSP",In vitro and in vivo,"15048125, 29535359
",2
P62714,PPP2CB,P01106,MYC,"Ser-62, Thr-58","PTPPLsPSRRS, FELLPtPPLSP",In vitro and in vivo,"15048125, 29535359",3
P67775,PPP2CA,P02489,CRYAA,N/A,N/A,In vitro,11295434,1
P62714,PPP2CB,P02489,CRYAA,N/A,N/A,In vitro,11295434,1
Q08209,PPP3CA,P02489,CRYAA,N/A,N/A,In vitro,2548498,1
P16298,PPP3CB,P02489,CRYAA,N/A,N/A,In vitro,2548498,1
P48454,PPP3CC,P02489,CRYAA,N/A,N/A,In vitro,2548498,1
Q9NRW4,DUSP22,P02686,MBP,N/A,N/A,In vitro,12204117,1
Q9BVJ7,DUSP23,P02686,MBP,N/A,NULL,In vitro,15281913,1
O75319,DUSP11,P02686,MBP,N/A,N/A,In vitro,10347225,1
P62136,PPP1CA,P02686,MBP,N/A,N/A,In vitro,"8617739, 16585947",2
P62140,PPP1CB,P02686,MBP,N/A,N/A,In vitro,"8617739, 16585947",2
P36873,PPP1CC,P02686,MBP,N/A,N/A,In vitro,"8617739, 16585947",2
P67775,PPP2CA,P02686,MBP,N/A,N/A,In vitro,"9644267, 10866685, 16895907",2
P62714,PPP2CB,P02686,MBP,N/A,N/A,In vitro,"9644267, 10866685, 16895907",2
O00743,PPP6C,P02686,MBP,N/A,N/A,In vitro,16895907,1
Q12923,PTPN13,P02686,MBP,N/A,N/A,In vitro,7929060,1
Q9UII6,DUSP13,P02686,MBP,N/A,N/A,In vitro,10585869,1
P24666,ACP1,P02730,SLC4A1,N/A,N/A,In vitro,2418829,1
Q9NRW4,DUSP22,P03372,ESR1,Ser-118,PPPQLsPFLQP,In vitro and in vivo,17384676,2
P18031,PTPN1,P03372,ESR1,Tyr-537,NVVPLyDLLLE,In vitro,7539106,1
P29350,PTPN6,P03372,ESR1,Tyr-537,NVVPLyDLLLE,In vitro,7539106,1
P30304,CDC25A,P04049,RAF1,N/A,N/A,In vivo,10373531,1
P62136,PPP1CA,P04049,RAF1,N/A,N/A,In vitro,7604263,1
P62140,PPP1CB,P04049,RAF1,N/A,N/A,In vitro,7604263,1
P36873,PPP1CC,P04049,RAF1,N/A,N/A,In vitro,7604263,1
P67775,PPP2CA,P04049,RAF1,N/A,N/A,In vitro,7604263,1
P62714,PPP2CB,P04049,RAF1,N/A,N/A,In vitro,7604263,1
P53041,PPP5C,P04049,RAF1,Ser-338,RGQRDsSYYWE,In vitro and in vivo,16892053,2
P18031,PTPN1,P04049,RAF1,N/A,N/A,In vitro,7604263,1
P53041,PPP5C,P04150,NR3C1,Ser-211,KETNEsPWRSD,In vivo,19586900,1
P15309,ACPP,P04626,ERBB2,N/A,N/A,In vitro and in vivo,"11067847, 9705354",2
P43378,PTPN9,P04626,ERBB2,N/A,N/A,In vivo,20335174,1
P51452,DUSP3,P04626,ERBB2,"Tyr-877, Tyr-1221","IDETEyHADGG, AFDNLyYWDQD",In vitro and in vivo,21262974,2
P23471,PTPRZ1,P04629,NTRK1,N/A,N/A,In vitro and in vivo,18477627,2
Q13332,PTPRS,P04629,NTRK1,N/A,N/A,In vivo,17967490,1
P29350,PTPN6,P04629,NTRK1,"Tyr-674, Tyr-675 in Isoform TrkA-I ","IYSTDyYRVGG, YSTDYyRVGGR",In vitro and in vivo,14662744,2
Q9UNH5,CDC14A,P04637,TP53,Ser-315,NNTSSsPQPKK,In vitro and in vivo,10644693,2
O60729,CDC14B,P04637,TP53,Ser-315,NNTSSsPQPKK,In vitro and in vivo,10644693,2
P62136,PPP1CA,P04637,TP53,"Ser-15, Ser-37","VEPPLsQETFS, LSPLPsQAMDD",In vitro and in vivo,"15178317, 16501611",3
P62140,PPP1CB,P04637,TP53,"Ser-15, Ser-37","VEPPLsQETFS, LSPLPsQAMDD",In vitro and in vivo,"15178317, 16501611",3
P36873,PPP1CC,P04637,TP53,"Ser-15, Ser-37","VEPPLsQETFS, LSPLPsQAMDD",In vitro and in vivo,"15178317, 16501611",3
P67775,PPP2CA,P04637,TP53,"Ser-37, Ser-46, Thr-55","LSPLPsQAMDD, DDLMLsPDDIE, IEQWFtEDPGP",In vitro and in vivo,"1848668, 17245430, 14712210",3
P62714,PPP2CB,P04637,TP53,"Ser-37, Ser-46, Thr-55","LSPLPsQAMDD, DDLMLsPDDIE, IEQWFtEDPGP",In vitro and in vivo,"1848668, 17245430, 14712210",3
O15297,PPM1D,P04637,TP53,Ser-15,VEPPLsQETFS,In vitro and in vivo,15870257,2
Q9BV47,DUSP26,P04637,TP53,"Ser-20, Ser-37","SQETFsDLWKL, LSPLPsQAMDD",In vitro and in vivo,20562916,2
P67775,PPP2CA,P04792,HSPB1,N/A,N/A,In vitro and in vivo,7510704,2
P62714,PPP2CB,P04792,HSPB1,N/A,N/A,In vitro and in vivo,7510704,2
Q08209,PPP3CA,P04792,HSPB1,N/A,N/A,In vitro,7510704,1
P16298,PPP3CB,P04792,HSPB1,N/A,N/A,In vitro,7510704,1
P48454,PPP3CC,P04792,HSPB1,N/A,N/A,In vitro,7510704,1
P62136,PPP1CA,P05198,EIF2S1,N/A,N/A,In vitro and in vivo,"9694816, 12941928, 21622569, 9023344",2
P62140,PPP1CB,P05198,EIF2S1,N/A,N/A,In vitro and in vivo,"9694816, 12941928, 21622569, 9023344",2
P36873,PPP1CC,P05198,EIF2S1,N/A,N/A,In vitro and in vivo,"9694816, 12941928, 21622569, 9023344",2
Q08209,PPP3CA,P05412,JUN,Ser-243,ETPPLsPIDME,In vitro,17215518,1
P16298,PPP3CB,P05412,JUN,Ser-243,ETPPLsPIDME,In vitro,17215518,1
P48454,PPP3CC,P05412,JUN,Ser-243,ETPPLsPIDME,In vitro,17215518,1
P67775,PPP2CA,P05556,ITGB1,"Thr-788, Thr-789 ","YKSAVtTVVNP, KSAVTtVVNPK",In vitro,"14660602, 10896784",2
P62714,PPP2CB,P05556,ITGB1,"Thr-788, Thr-789 ","YKSAVtTVVNP, KSAVTtVVNPK",In vitro,"14660602, 10896784",2
O75365,PTP4A3,P05556,ITGB1,N/A,N/A,In vivo,"19930715, 16472776",1
O60346,PHLPP1,P05771,PRKCB,Ser-660 in Isoform Beta-II ,EFEGFsFVNSE,In vitro and in vivo,18162466,2
Q6ZVD8,PHLPP2,P05771,PRKCB,Ser-660 in Isoform Beta-II ,EFEGFsFVNSE,In vitro and in vivo,18162466,2
P62136,PPP1CA,P05771,PRKCB,"Thr-500, Thr-641, Ser-660 in Isoform Beta-II (PRKCB2) ","GVTTKtFCGTP, HPPVLtPPDQE, EFEGFsFVNSE",In vitro,"8749392, 7961910",1
P67775,PPP2CA,P05771,PRKCB,"Thr-500, Ser-660 in Isoform Beta-II ","GVTTKtFCGTP, EFEGFsFVNSE",In vitro and in vivo,"8749392, 15880462",3
P62714,PPP2CB,P05771,PRKCB,"Thr-500, Ser-660 in Isoform Beta-II ","GVTTKtFCGTP, EFEGFsFVNSE",In vitro and in vivo,"8749392, 15880462",3
P67775,PPP2CA,P05787,KRT8,Ser-432 ,YGGLTsPGLSY,In vivo,16554440,1
P62714,PPP2CB,P05787,KRT8,Ser-432 ,YGGLTsPGLSY,In vivo,16554440,1
O75365,PTP4A3,P05787,KRT8,"Ser-74, Ser-432 ","NQSLLsPLVLE, YGGLTsPGLSY",In vivo,19115206,1
P51452,DUSP3,P05814,CSN2,N/A,N/A,In vitro,1281549,1
P10586,PTPRF,P06213,INSR,N/A,N/A,In vitro and in vivo,"11158333, 1321126, 7852302, 8732688, 8995282",3
P24666,ACP1,P06213,INSR,N/A,N/A,In vivo,"17353188, 9299573",2
P18031,PTPN1,P06213,INSR,"Tyr-999, Tyr-1185, Tyr-1189, Tyr-1190 ","SSNPEyLSASD, MTRDIyETDYY, IYETDyYRKGG, YETDYyRKGGK",In vitro and in vivo,"12634852, 16582879, 16271887, 17159996, 15588987, 17481567, 8826975, 14722096, 12237455, 11579209, 8999839, 11163213",3
P23469,PTPRE,P06213,INSR,"Tyr-1000, Tyr-1186, Tyr-1190, Tyr-1191 ","SSNPEyLSASD, MTRDIyETDYY, IYETDyYRKGG, YETDYyRKGGK",In vivo,15738637,1
P17706,PTPN2,P06213,INSR,"Tyr-1189, Tyr-1190 ","IYETDyYRKGG, YETDYyRKGGK",In vitro and in vivo,"12612081, 10734133",3
P51452,DUSP3,P06213,INSR,N/A,N/A,In vitro,1281549,1
P08575,PTPRC,P06239,LCK,"Tyr-394, Tyr-505","IEDNEyTAREG, ATEGQyQPQP-",In vitro and in vivo,"2530588, 8433999, 2141630, 8441403, 8576115,     24463463",3
Q9Y2R2,PTPN22,P06239,LCK,Tyr-394,IEDNEyTAREG,In vitro and in vivo,16461343,2
Q9HD43,PTPRH,P06239,LCK,N/A,N/A,In vitro,12837766,1
P29350,PTPN6,P06239,LCK,Tyr-394,IEDNEyTAREG,In vitro and in vivo,"11294838, 10617656",3
P08575,PTPRC,P06241,FYN,Tyr-531,ATEPQyQPGEN,In vivo,1533589,1
Q99952,PTPN18,P06241,FYN,Tyr-420 ,IEDNEyTARQG,In vivo,11158295,1
P18433,PTPRA,P06241,FYN,Tyr-531,ATEPQyQPGEN,In vivo,9535845,1
P23469,PTPRE,P06241,FYN,N/A,N/A,In vivo,14980517,1
Q12913,PTPRJ,P06241,FYN,Tyr-531 ,ATEPQyQPGEN,In vitro,20345711,1
P54829,PTPN5,P06241,FYN,Tyr-420,IEDNEyTARQG,In vitro,11983687,1
P62136,PPP1CA,P06400,RB1,N/A,N/A,In vitro,"8380224, 8380637",2
P62140,PPP1CB,P06400,RB1,N/A,N/A,In vitro,"8380224, 8380637",2
P36873,PPP1CC,P06400,RB1,N/A,N/A,In vitro,"8380224, 8380637",2
O15194,CTDSPL,P06400,RB1,"Ser-807, Ser-811","GNIYIsPLKSP, ISPLKsPYKIS",In vivo,15051889,1
P67775,PPP2CA,P06400,RB1,N/A,N/A,In vitro and in vivo,"17991896, 23775120",3
P62714,PPP2CB,P06400,RB1,N/A,N/A,In vitro and in vivo,"17991896, 23775120",3
P30304,CDC25A,P06493,CDK1,"Thr-14, Tyr-15","KIGEGtYGVVY, IGEGTyGVVYK",In vitro and in vivo,"1825803, 1913817, 1828290, 8617791",3
P30305,CDC25B,P06493,CDK1,"Thr-14, Tyr-15","KIGEGtYGVVY, IGEGTyGVVYK",In vitro,"8440392, 8617791",2
P30307,CDC25C,P06493,CDK1,"Tyr-15 [Thr-14, Tyr-15]",IGEGTyGVVYK,In vitro,1312880,1
P67775,PPP2CA,P06493,CDK1,N/A,N/A,In vitro,1846321,1
P62714,PPP2CB,P06493,CDK1,N/A,N/A,In vitro,1846321,1
P23469,PTPRE,P07947,YES1,N/A,N/A,In vivo,14980517,1
P08575,PTPRC,P07948,LYN,"Tyr-397, Tyr-508","IEDNEyTAREG, ATEGQyQQQP-",In vitro and in vivo,"10415030, 7499277",2
P18433,PTPRA,P07948,LYN,Tyr-397,IEDNEyTAREG,In vivo,15537644,1
Q12913,PTPRJ,P07948,LYN,Tyr-508 ,ATEGQyQQQP-,In vitro,20345711,1
P29350,PTPN6,P07948,LYN,Tyr-397,IEDNEyTAREG,In vivo,15537644,1
Q12913,PTPRJ,P07949,RET,"Tyr-905, Tyr-1062","YEEDSyVKRSQ, IENKLyGMSDP",In vitro and in vivo,16778204,2
P18031,PTPN1,P08069,IGF1R,"Tyr-1161, Tyr-1165","MTRDIyETDYY, IYETDyYRKGG",In vitro and in vivo,"8702689, 23814047",3
P67775,PPP2CA,P08100,RHO,"Ser-334, Ser-338, Ser-343 ","GDDEAsTTVSK, ASTTVsKTETS, SKTETsQVAPA",In vitro,"8617805, 29078372",2
P62714,PPP2CB,P08100,RHO,"Ser-334, Ser-338, Ser-343 ","GDDEAsTTVSK, ASTTVsKTETS, SKTETsQVAPA",In vitro,"8617805, 29078372",2
Q9P0J1,PDP1,P08559,PDHA1,"Ser-232, Ser-293, Ser-300 ","YGMGTsVERAA, RYHGHsMSDPG, SDPGVsYRTRE",In vitro,"7782287, 16545080, 14644048, 16436377",2
Q9P2J9,PDP2,P08559,PDHA1,"Ser-232, Ser-293, Ser-300 ","YGMGTsVERAA, RYHGHsMSDPG, SDPGVsYRTRE",In vitro,"14644048, 16436377",2
P10586,PTPRF,P08581,MET,N/A,N/A,In vitro,16415345,1
P18031,PTPN1,P08581,MET,"Tyr-1234, Tyr-1235","MYDKEyYSVHN, YDKEYySVHNK",In vivo,18819921,1
P23467,PTPRB,P08581,MET,Tyr-1356,HVNATyVNVKC,In vitro and in vivo,21454675,2
Q12913,PTPRJ,P08581,MET,"Tyr-1349, Tyr-1365 ","FIGEHyVHVNA, KCVAPyPSLLS",In vitro and in vivo,12475979,2
P17706,PTPN2,P08581,MET,"Tyr-1234, Tyr-1235","MYDKEyYSVHN, YDKEYySVHNK",In vivo,18819921,1
P67775,PPP2CA,P08670,VIM,N/A,N/A,In vitro and in vivo,10359611,2
P62714,PPP2CB,P08670,VIM,N/A,N/A,In vitro and in vivo,10359611,2
P29350,PTPN6,P08922,ROS1,N/A,N/A,In vivo,11266449,1
P24666,ACP1,P09619,PDGFRB,Tyr-857,MRDSNyISKGS,In vitro and in vivo,12149261,2
P60484,PTEN,P09619,PDGFRB,N/A,N/A,In vitro,14718524,1
P18031,PTPN1,P09619,PDGFRB,"Tyr-740, Tyr-751, Tyr-771, Tyr-1009, Tyr-1021 ","ESDGGyMDMSK, DESVDyVPMLD, IESSNyMAPYD, TSSVLyTAVQP, EGDNDyIIPLP",In vitro and in vivo,"7545675, 9355745, 7693671",3
Q12913,PTPRJ,P09619,PDGFRB,"Tyr-751, Tyr-1021 ","DESVDyVPMLD, EGDNDyIIPLP",In vitro and in vivo,"12062403, 10821867",2
Q06124,PTPN11,P09619,PDGFRB,"Tyr-740, Tyr-751, Tyr-771 ","ESDGGyMDMSK, DESVDyVPMLD, IESSNyMAPYD",In vitro and in vivo,7545675,2
P17706,PTPN2,P09619,PDGFRB,"Tyr-771, Tyr-1021 ","IESSNyMAPYD, EGDNDyIIPLP",In vitro and in vivo,14966296,2
P51452,DUSP3,P09619,PDGFRB,N/A,N/A,In vitro,1281549,1
P05186,ALPL,P0C0S8,HIST1H2AG,N/A,N/A,In vitro,6167574,1
P09923,ALPI,P0C0S8,HIST1H2AG,N/A,N/A,In vitro,6167574,1
O15355,PPM1G,P0C0S8,HIST1H2AG,N/A,N/A,In vitro,17074886,1
P67775,PPP2CA,P10415,BCL2,Ser-87,AGPALsPVPPV,In vitro and in vivo,"15225643, 9852076",3
P62714,PPP2CB,P10415,BCL2,Ser-87,AGPALsPVPPV,In vitro and in vivo,"15225643, 9852076",3
P10586,PTPRF,P10586,PTPRF,N/A,N/A,In vivo,11158333,1
P62136,PPP1CA,P10636,MAPT,"Ser-199, Ser-202, Thr-205, Thr-212, Ser-214, Ser-235, Ser-262, Ser-396, Ser-404, Ser-409 in Isoform Tau-F (Tau-4)","RSGYSsPGSPG, YSSPGsPGTPG, PGSPGtPGSRS, GSRSRtPSLPT, RSRTPsLPTPP, RTPPKsPSSAK, KSKIGsTENLK, EIVYKsPVVSG, VSGDTsPRHLS, SPRHLsNVSST",In vitro,16262633,1
P62140,PPP1CB,P10636,MAPT,"Ser-199, Ser-202, Thr-205, Thr-212, Ser-214, Ser-235, Ser-262, Ser-396, Ser-404, Ser-409 in Isoform Tau-F (Tau-4)","RSGYSsPGSPG, YSSPGsPGTPG, PGSPGtPGSRS, GSRSRtPSLPT, RSRTPsLPTPPRTPPKsPSSAK, KSKIGsTENLK, EIVYKsPVVSG, VSGDTsPRHLS, SPRHLsNVSST",In vitro,16262633,1
P36873,PPP1CC,P10636,MAPT,"Ser-199, Ser-202, Thr-205, Thr-212, Ser-214, Ser-235, Ser-262, Ser-396, Ser-404, Ser-409 in Isoform Tau-F (Tau-4)","RSGYSsPGSPG, YSSPGsPGTPG, PGSPGtPGSRS, GSRSRtPSLPT, RSRTPsLPTPP, RTPPKsPSSAK, KSKIGsTENLK, EIVYKsPVVSG, VSGDTsPRHLS, SPRHLsNVSST",In vitro,16262633,1
P67775,PPP2CA,P10636,MAPT,"Ser-198, Ser-199, Ser-202, Thr-205, Thr-212, Ser-214, Ser-235, Ser-262, Ser-396, Ser-404, Ser-409 in Isoform Tau-F (Tau-4)","DRSGYsSPGSP, RSGYSsPGSPG, YSSPGsPGTPG, PGSPGtPGSRS, GSRSRtPSLPT, RSRTPsLPTPP, RTPPKsPSSAK, KSKIGsTENLK, EIVYKsPVVSG, VSGDTsPRHLS, SPRHLsNVSST",In vitro,"16262633, 12435421, 1330687, 8982166, 10464280",2
P62714,PPP2CB,P10636,MAPT,"Ser-198, Ser-199, Ser-202, Thr-205, Thr-212, Ser-214, Ser-235, Ser-262, Ser-396, Ser-404, Ser-409 in Isoform Tau-F (Tau-4)","DRSGYsSPGSP, RSGYSsPGSPG, YSSPGsPGTPG, PGSPGtPGSRS, GSRSRtPSLPT, RSRTPsLPTPP, RTPPKsPSSAK, KSKIGsTENLK, EIVYKsPVVSG, VSGDTsPRHLS, SPRHLsNVSST",In vitro,"16262633, 12435421, 1330687, 8982166, 10464280",2
Q08209,PPP3CA,P10636,MAPT,"Ser-199, Ser-202, Thr-205, Thr-212, Ser-214, Ser-235, Ser-262, Ser-396, Ser-404, Ser-409 in Isoform Tau-F (Tau-4)","RSGYSsPGSPG, YSSPGsPGTPG, PGSPGtPGSRS, GSRSRtPSLPT, RSRTPsLPTPP, RTPPKsPSSAK, KSKIGsTENLK, EIVYKsPVVSG, VSGDTsPRHLS, SPRHLsNVSST",In vitro,"16262633, 15959850, 9660947",2
P16298,PPP3CB,P10636,MAPT,"Ser-199, Ser-202, Thr-205, Thr-212, Ser-214, Ser-235, Ser-262, Ser-396, Ser-404, Ser-409 in Isoform Tau-F (Tau-4)","RSGYSsPGSPG, YSSPGsPGTPG, PGSPGtPGSRS, GSRSRtPSLPT, RSRTPsLPTPP, RTPPKsPSSAK, KSKIGsTENLK, EIVYKsPVVSG, VSGDTsPRHLS, SPRHLsNVSST",In vitro,"16262633, 15959850, 9660947",2
P48454,PPP3CC,P10636,MAPT,"Ser-199, Ser-202, Thr-205, Thr-212, Ser-214, Ser-235, Ser-262, Ser-396, Ser-404, Ser-409 in Isoform Tau-F (Tau-4)","RSGYSsPGSPG, YSSPGsPGTPG, PGSPGtPGSRS, GSRSRtPSLPT, RSRTPsLPTPP, RTPPKsPSSAK, KSKIGsTENLK, EIVYKsPVVSG, VSGDTsPRHLS, SPRHLsNVSST",In vitro,"16262633, 15959850, 9660947",2
P53041,PPP5C,P10636,MAPT,"Ser-198, Ser-199, Ser-202, Thr-205, Thr-212, Ser-214, Ser-235, Ser-262, Ser-396, Ser-404, Ser-409 in Isoform Tau-F (Tau-4)","DRSGYsSPGSP, RSGYSsPGSPG, YSSPGsPGTPG, PGSPGtPGSRS, GSRSRtPSLPT, RSRTPsLPTPP, RTPPKsPSSAK, KSKIGsTENLK, EIVYKsPVVSG, VSGDTsPRHLS, SPRHLsNVSST",In vitro,"16262633, 12435421",1
P29350,PTPN6,P10721,KIT,N/A ,N/A ,In vitro,7684496,1
P18031,PTPN1,P10912,GHR,"Tyr-332, Tyr-487","AIHDSyKPEFH, SNIDFyAQVSD",In vitro and in vivo,12907755,2
P26045,PTPN3,P10912,GHR,Tyr-534,LMDNAyFCEAD,In vitro and in vivo,12907755,2
P30304,CDC25A,P11802,CDK4,N/A ,N/A ,In vitro,"10454565, 11585757",2
P67775,PPP2CA,P12036,NEFH,N/A,N/A,In vitro,20031277,1
P62714,PPP2CB,P12036,NEFH,N/A,N/A,In vitro,20031277,1
Q08209,PPP3CA,P12036,NEFH,N/A,N/A,In vitro,20031277,1
P16298,PPP3CB,P12036,NEFH,N/A,N/A,In vitro,20031277,1
P48454,PPP3CC,P12036,NEFH,N/A,N/A,In vitro,20031277,1
P24666,ACP1,P12318,FCGR2A,N/A,N/A,In vitro and in vivo,17537991,2
Q8N3J5,PPM1K,P12694,BCKDHA,Ser-337,RIGHHsTSDDS,In vitro and in vivo,19411760,2
P18031,PTPN1,P12814,ACTN1,Tyr-12 ,QQTNDyMQPEE,In vitro and in vivo,16291744,2
P29350,PTPN6,P12814,ACTN1,N/A,N/A,In vitro and in vivo,15070900,2
Q9H3S7,PTPN23,P12830,CDH1,N/A,N/A,In vitro,21724833,1
O14522,PTPRT,P12830,CDH1,N/A,N/A,In vitro,16973135,1
Q9H3S7,PTPN23,P12931,SRC,N/A,N/A,In vitro and in vivo,21724833,2
P24666,ACP1,P12931,SRC,"Tyr-424, Tyr-535 ","IEDNEyTARQG, STEPQyQPGEN",In vitro and in vivo,19088431,2
P67775,PPP2CA,P12931,SRC,N/A,N/A,In vitro,10322434,1
P62714,PPP2CB,P12931,SRC,N/A,N/A,In vitro,10322434,1
P18031,PTPN1,P12931,SRC,"Tyr-419, Tyr-530","IEDNEyTARQG, STEPQyQPGEN",In vitro and in vivo,"11007774, 16115959, 15866871, 17974954",3
Q16825,PTPN21,P12931,SRC,Tyr-530,STEPQyQPGEN,In vivo,15143158,1
Q05209,PTPN12,P12931,SRC,Tyr-424,IEDNEyTARQG,In vivo,18482983,1
P18433,PTPRA,P12931,SRC,"Tyr-416, Tyr-527, Tyr-530  ","IEDNEyTARQG, STEPQyQPGEN, STEPQyQPGEN",In vitro and in vivo,"10698938, 11923305, 28065597",2
P23469,PTPRE,P12931,SRC,Tyr-527 ,STEPQyQPGEN,In vivo,"12598528, 15522235",2
Q12913,PTPRJ,P12931,SRC,Tyr-530 ,STEPQyQPGEN,In vitro and in vivo,"15735685, 20345711",3
Q9HD43,PTPRH,P12931,SRC,N/A,N/A,In vivo,15850787,1
P29350,PTPN6,P12931,SRC,"Tyr-338, Tyr-419, Tyr-530","SEEPIyIVTEY, IEDNEyTARQG, STEPQyQPGEN",In vitro and in vivo,9261115,2
Q06124,PTPN11,P12931,SRC,Tyr-424,IEDNEyTARQG,In vivo,18482983,1
P17706,PTPN2,P12931,SRC,Tyr-419 ,IEDNEyTARQG,In vitro and in vivo,15696169,2
O15297,PPM1D,P13051,UNG,Thr-6,MIGQKtLYSFF,In vitro,15327777,1
P67775,PPP2CA,P13639,EEF2,"Thr-57, Thr-59 ","GETRFtDTRKD, TRFTDtRKDEQ",In vitro,"8386634, 2555220, 2176079",2
P62714,PPP2CB,P13639,EEF2,"Thr-57, Thr-59 ","GETRFtDTRKD, TRFTDtRKDEQ",In vitro,"8386634, 2555220, 2176079",2
P35813,PPM1A,P13639,EEF2,"Thr-57, Thr-59 ","GETRFtDTRKD, TRFTDtRKDEQ",In vitro,"8386634, 7548224, 2176079",2
P05187,ALPP,P13807,GYS1,N/A,N/A,In vitro,6243946,1
Q08209,PPP3CA,P13861,PRKAR2A,N/A,N/A,In vitro,9660947,1
P16298,PPP3CB,P13861,PRKAR2A,N/A,N/A,In vitro,9660947,1
P48454,PPP3CC,P13861,PRKAR2A,N/A,N/A,In vitro,9660947,1
P24666,ACP1,P15090,FABP4,N/A,N/A,In vitro,1304913,1
P13686,ACP5,P15289,ARSA,N/A,N/A,In vitro,8706666,1
O75365,PTP4A3,P15311,EZR,Thr-567,RDKYKtLRQIR,In vitro and in vivo,18078820,2
P60510,PPP4C,P15927,RPA2,N/A,N/A,In vitro and in vivo,20154705,2
Q99502,EYA1,P16104,H2AFX,Tyr-143 ,QASQEy-----,In vitro and in vivo,"19351884, 19234442",3
Q99504,EYA3,P16104,H2AFX,Tyr-143 ,QASQEy-----,In vitro and in vivo,"19351884, 19234442",3
P62136,PPP1CA,P16104,H2AFX,Ser-140 ,KATQAsQEY--,In vitro,12926989,1
P62140,PPP1CB,P16104,H2AFX,Ser-140 ,KATQAsQEY--,In vitro,12926989,1
P36873,PPP1CC,P16104,H2AFX,Ser-140 ,KATQAsQEY--,In vitro,12926989,1
P67775,PPP2CA,P16104,H2AFX,Ser-140 ,KATQAsQEY--,In vitro and in vivo,16310392,2
P62714,PPP2CB,P16104,H2AFX,Ser-140 ,KATQAsQEY--,In vitro and in vivo,16310392,2
O15355,PPM1G,P16104,H2AFX,Ser-140 ,KATQAsQEY--,In vitro,17074886,1
O15297,PPM1D,P16104,H2AFX,Ser-140 ,KATQAsQEY--,In vitro and in vivo,20118229,2
P60510,PPP4C,P16104,H2AFX,Ser-140 ,KATQAsQEY--,In vitro and in vivo,"18758438, 18614045",3
O00743,PPP6C,P16104,H2AFX,Ser-140 ,KATQAsQEY--,In vivo,20065038,1
P67775,PPP2CA,P16220,CREB1,N/A,N/A,In vitro,"8386317, 8065321",1
P62714,PPP2CB,P16220,CREB1,N/A,N/A,In vitro,"8386317, 8065321",1
P60484,PTEN,P16220,CREB1,Ser-133,LSRRPsYRKIL,In vitro and in vivo,21385900,2
Q9NRX4,PHPT1,P16403,HIST1H1C,N/A,N/A,In vitro,25574816,1
Q06124,PTPN11,P16581,SELE,Tyr-603,ESDGSyQKPSY,In vitro,11602579,1
P09923,ALPI,P16671,CD36,N/A,N/A,In vitro and in vivo,21900644,2
O75365,PTP4A3,P16949,STMN1,N/A,N/A,In vivo,20806969,1
O60346,PHLPP1,P17252,PRKCA,Ser-657,DFEGFsYVNPQ,In vitro and in vivo,18162466,2
Q6ZVD8,PHLPP2,P17252,PRKCA,Ser-657,DFEGFsYVNPQ,In vitro and in vivo,18162466,2
P62136,PPP1CA,P17252,PRKCA,N/A,N/A,In vitro,"9675027, 1575696",2
P62140,PPP1CB,P17252,PRKCA,N/A,N/A,In vitro,"9675027, 1575696",2
P36873,PPP1CC,P17252,PRKCA,N/A,N/A,In vitro,"9675027, 1575696, 8805373",2
P67775,PPP2CA,P17252,PRKCA,N/A,N/A,In vitro,9675027,1
P62714,PPP2CB,P17252,PRKCA,N/A,N/A,In vitro,9675027,1
Q93096,PTP4A1,P17544,ATF7,N/A,N/A,In vitro,11278933,1
P67775,PPP2CA,P17612,PRKACA,Thr-198 ,KGRTWtLCGTP,In vitro,8550570,1
P62714,PPP2CB,P17612,PRKACA,Thr-198 ,KGRTWtLCGTP,In vitro,8550570,1
P18031,PTPN1,P18031,PTPN1,"Tyr-66, Tyr-152, Tyr-153 ","QEDNDyINASL, EDIKSyYTVRQ, DIKSYyTVRQL",In vitro and in vivo,11506178,2
P18433,PTPRA,P18433,PTPRA,Tyr-789 in isoform 2 ,DAFSDyANFK-,In vitro and in vivo,7518772,2
P18031,PTPN1,P19174,PLCG1,N/A,N/A,In vitro and in vivo,21123182,2
Q12913,PTPRJ,P19174,PLCG1,N/A,N/A,In vitro,11259588,1
P18031,PTPN1,P19235,EPOR,N/A,N/A,In vitro and in vivo,14527337,2
O75365,PTP4A3,P19338,NCL,N/A,N/A,In vivo,20860603,1
Q08209,PPP3CA,P19419,ELK1,Ser-383,FWSTLsPIAPR,In vitro,10329725,1
P16298,PPP3CB,P19419,ELK1,Ser-383,FWSTLsPIAPR,In vitro,10329725,1
P48454,PPP3CC,P19419,ELK1,Ser-383,FWSTLsPIAPR,In vitro,10329725,1
P62136,PPP1CA,P19429,TNNI3,"Ser-23, Ser-24","PVRRRsSANYR, VRRRSsANYRA",In vitro,16585947,1
P62140,PPP1CB,P19429,TNNI3,"Ser-23, Ser-24","PVRRRsSANYR, VRRRSsANYRA",In vitro,16585947,1
P36873,PPP1CC,P19429,TNNI3,"Ser-23, Ser-24","PVRRRsSANYR, VRRRSsANYRA",In vitro,16585947,1
P62136,PPP1CA,P19525,EIF2AK2,N/A,N/A,In vitro and in vivo,12138106,2
P29350,PTPN6,P20138,CD33,N/A ,N/A ,In vitro,10206955,1
P29350,PTPN6,P20273,CD22,Tyr-777 ,DDTVSyAILRF,In vivo,"8627166, 10228003, 9890995",2
P62136,PPP1CA,P20700,LMNB1,Ser-405,VSRASsSRSVR,In vitro,9368037,1
P18031,PTPN1,P20936,RASA1,N/A,N/A,In vitro,18515860,1
P08575,PTPRC,P20963,CD247,"Ser-88, Tyr-142","SSIRRLsTRRR, GHDGLyQGLST
",In vitro,"7526385, 24463463",1
Q9Y2R2,PTPN22,P20963,CD247,N/A,N/A,In vitro and in vivo,16461343,2
P26045,PTPN3,P20963,CD247,N/A,N/A,In vitro and in vivo,14672952,2
P29074,PTPN4,P20963,CD247,N/A,N/A,In vitro and in vivo,18614237,2
Q08209,PPP3CA,P21333,FLNA,Ser-2152,RRRAPsVANVG,In vitro and in vivo,16442073,2
P16298,PPP3CB,P21333,FLNA,Ser-2152,RRRAPsVANVG,In vitro and in vivo,16442073,2
P48454,PPP3CC,P21333,FLNA,Ser-2152,RRRAPsVANVG,In vitro and in vivo,16442073,2
P51452,DUSP3,P21802,FGFR2,N/A,N/A,In vitro,1281549,1
P62136,PPP1CA,P21817,RYR1,N/A,N/A,In vitro,9922179,1
P62140,PPP1CB,P21817,RYR1,N/A,N/A,In vitro,9922179,1
P36873,PPP1CC,P21817,RYR1,N/A,N/A,In vitro,9922179,1
Q12913,PTPRJ,P22681,CBL,Tyr-731,IDSCTyEAMYN,In vivo,19836242,1
Q8TF42,UBASH3B,P22681,CBL,N/A,N/A,In vitro,17880946,1
P67775,PPP2CA,P23443,RPS6KB1,N/A,N/A,In vitro,"2826472, 11124802, 10200280",2
P62714,PPP2CB,P23443,RPS6KB1,N/A,N/A,In vitro,"2826472, 11124802, 10200280",2
O60346,PHLPP1,P23443,RPS6KB1,"Thr-252, Thr-412","GTVTHtFCGTI, VFLGFtYVAPS",In vitro,21986499,1
Q6ZVD8,PHLPP2,P23443,RPS6KB1,"Thr-252, Thr-412","GTVTHtFCGTI, VFLGFtYVAPS",In vitro,21986499,1
P08575,PTPRC,P23458,JAK1,"Tyr-1033, Tyr-1034 ","ETDKEyYTVKD, TDKEYyTVKDD",In vitro and in vivo,"11201744, 11994288",3
P17706,PTPN2,P23458,JAK1,"Tyr-1033, Tyr-1034 ","ETDKEyYTVKD, TDKEYyTVKDD",In vivo,11909529,1
Q96GD0,PDXP,P23528,CFL1,Ser-3,Err:520,In vitro and in vivo,15580268,2
Q8WYL5,SSH1,P23528,CFL1,Ser-3,Err:520,In vitro and in vivo,"11832213, 14531860",2
Q76I76,SSH2,P23528,CFL1,Ser-3,Err:520,In vitro and in vivo,"11832213, 14531860",2
Q8TE77,SSH3,P23528,CFL1,Ser-3,Err:520,In vitro and in vivo,14531860,2
P24666,ACP1,P24666,ACP1,N/A,N/A,In vitro,"8576112, 16890200",1
Q05D32,CTDSPL2,P24928,POLR2A,"Ser-1619,Ser-1623,Ser-1644,Ser-1647,Ser-1658,Ser-1661,Ser-1672,Ser-1675,Ser-1686,Ser-1689,Ser-1700,Ser-1703,Ser-1714,Ser-1717,Ser-1728,Ser-1731,Ser-1763,Ser-1766,Ser-1791,Ser-1794","TSPSYsPTSPS, SYSPTsPSYSP",In vitro,17487459,1
Q99502,EYA1,P24928,POLR2A,N/A,N/A,In vitro,14628042,1
Q99504,EYA3,P24928,POLR2A,N/A,N/A,In vitro,14628042,1
Q9Y5B0,CTDP1,P24928,POLR2A,"Ser-1620,Ser-1624,Ser-1645,Ser-1648,Ser-1659,Ser-1662,Ser-1673,Ser-1676,Ser-1687,Ser-1690,Ser-1701,Ser-1704,Ser-1715,Ser-1718,Ser-1729,Ser-1732,Ser-1764,Ser-1767,Ser-1799,Ser-1802","TSPSYsPTSPS, SYSPTsPSYSP",In vitro,12351650,1
Q8IXW5,RPAP2,P24928,POLR2A,"Ser-1619,Ser-1647,Ser-1661,Ser-1675,Ser-1689,Ser-1703,Ser-1717,Ser-1731,Ser-1766,Ser-1794",SYSPTsPSYSP,In vitro and in vivo,22137580,2
Q9GZU7,CTDSP1,P24928,POLR2A,"Ser-1620,Ser-1648,Ser-1662,Ser-1676,Ser-1690,Ser-1704,Ser-1718,Ser-1732,Ser-1767,Ser-1802",SYSPTsPSYSP,In vitro and in vivo,"12721286, 17157258",2
O14595,CTDSP2,P24928,POLR2A,"Ser-1620,Ser-1648,Ser-1662,Ser-1676,Ser-1690,Ser-1704,Ser-1718,Ser-1732,Ser-1767,Ser-1802",SYSPTsPSYSP,In vitro,12721286,1
Q9NP77,SSU72,P24928,POLR2A,"Ser-1619,Ser-1647,Ser-1661,Ser-1675,Ser-1689,Ser-1703,Ser-1717,Ser-1731,Ser-1766,Ser-1794",SYSPTsPSYSP,In vitro and in vivo,15125841,2
Q8WVY7,UBLCP1,P24928,POLR2A,"Ser-1619,Ser-1647,Ser-1661,Ser-1675,Ser-1689,Ser-1703,Ser-1717,Ser-1731,Ser-1766,Ser-1794",SYSPTsPSYSP,In vitro,15883030,1
P30304,CDC25A,P24941,CDK2,"Thr-14, Tyr-15","KIGEGtYGVVY, IGEGTyGVVYK",In vitro and in vivo,"8617791, 1396589, 10454565",3
Q16667,CDKN3,P24941,CDK2,Thr-160,PVRTYtHEVVT,In vitro and in vivo,"7569954, 11463386, 15530371",3
P67775,PPP2CA,P24941,CDK2,Thr-160,PVRTYtHEVVT,In vitro,7569954,1
P62714,PPP2CB,P24941,CDK2,Thr-160,PVRTYtHEVVT,In vitro,7569954,1
P35813,PPM1A,P24941,CDK2,Thr-160,PVRTYtHEVVT,In vitro,10934208,1
O75688,PPM1B,P24941,CDK2,Thr-160,PVRTYtHEVVT,In vitro,10934208,1
P18031,PTPN1,P25963,NFKBIA,Tyr-42,MKDEEyEQMVK,In vitro,8940099,1
Q12923,PTPN13,P25963,NFKBIA,Tyr-42,MKDEEyEQMVK,In vitro and in vivo,"11106428, 9882613",3
P35813,PPM1A,P26038,MSN,Thr-558,RDKYKtLRQIR,In vitro,10480873,1
O75688,PPM1B,P26038,MSN,Thr-558,RDKYKtLRQIR,In vitro,10480873,1
P30304,CDC25A,P27361,MAPK3,N/A,N/A,In vitro and in vivo,15672448,2
Q68J44,DUPD1,P27361,MAPK3,N/A,N/A,In vivo,21199871,1
P35236,PTPN7,P27361,MAPK3,N/A,N/A,In vitro and in vivo,"10702794, 10206983",3
Q16690,DUSP5,P27361,MAPK3,N/A,N/A,In vivo,19741200,1
P28562,DUSP1,P27361,MAPK3,N/A,N/A,In vitro and in vivo,"20858750, 14695202, 12676937",3
Q13115,DUSP4,P27361,MAPK3,"Thr-202, Tyr-204 ","HTGFLtEYVAT, GFLTEyVATRW",In vitro,7535768,1
Q99956,DUSP9,P27361,MAPK3,N/A,N/A,In vivo,"11988087, 9030581, 18296638",2
Q9BVJ7,DUSP23,P27361,MAPK3,N/A,NULL,In vitro,15147733,1
P23469,PTPRE,P27361,MAPK3,N/A,N/A,In vivo,12754301,1
Q12913,PTPRJ,P27361,MAPK3,Tyr-204,GFLTEyVATRW,In vitro and in vivo,19494114,2
P51452,DUSP3,P27361,MAPK3,Tyr-204 ,GFLTEyVATRW,In vitro and in vivo,10224087,2
P62136,PPP1CA,P27708,CAD,"Ser-1406, Ser-1859","GGRRLsSFVTK, RIHRAsDPGLP",In vitro,4092695,1
P62140,PPP1CB,P27708,CAD,"Ser-1406, Ser-1859","GGRRLsSFVTK, RIHRAsDPGLP",In vitro,4092695,1
P36873,PPP1CC,P27708,CAD,"Ser-1406, Ser-1859","GGRRLsSFVTK, RIHRAsDPGLP",In vitro,4092695,1
P67775,PPP2CA,P27708,CAD,"Ser-1406, Ser-1859","GGRRLsSFVTK, RIHRAsDPGLP",In vitro,4092695,1
P62714,PPP2CB,P27708,CAD,"Ser-1406, Ser-1859","GGRRLsSFVTK, RIHRAsDPGLP",In vitro,4092695,1
Q08209,PPP3CA,P27824,CANX,N/A,N/A,In vivo,20700529,1
P16298,PPP3CB,P27824,CANX,N/A,N/A,In vivo,20700529,1
P48454,PPP3CC,P27824,CANX,N/A,N/A,In vivo,20700529,1
P35813,PPM1A,P27986,PIK3R1,Ser-608,TEDQYsLVEDD,In vivo,15016818,1
Q12913,PTPRJ,P27986,PIK3R1,N/A,N/A,In vitro and in vivo,18348712,2
P30304,CDC25A,P28482,MAPK1,N/A,N/A,In vitro and in vivo,15672448,2
Q9NRW4,DUSP22,P28482,MAPK1,N/A,N/A,In vitro,11733513,1
Q68J44,DUPD1,P28482,MAPK1,N/A,N/A,In vivo,21199871,1
P35236,PTPN7,P28482,MAPK1,Tyr-187 ,GFLTEyVATRW,In vitro and in vivo,"10702794, 10206983, 16226275",3
Q16690,DUSP5,P28482,MAPK1,N/A,N/A,In vivo,19741200,1
P28562,DUSP1,P28482,MAPK1,"Thr-185, Tyr-187 ","HTGFLtEYVAT, GFLTEyVATRW",In vitro and in vivo,"8221888, 7939666",2
Q13115,DUSP4,P28482,MAPK1,"Thr-183, Tyr-185 ","HTGFLtEYVAT, GFLTEyVATRW",In vitro and in vivo,"7535768, 8626452",3
Q16828,DUSP6,P28482,MAPK1,N/A,N/A,In vitro and in vivo,8670865,2
Q99956,DUSP9,P28482,MAPK1,N/A,N/A,In vitro and in vivo,"11988087, 9030581, 18296638",3
Q16829,DUSP7,P28482,MAPK1,N/A,N/A,In vitro and in vivo,9788880,2
Q05923,DUSP2,P28482,MAPK1,N/A,N/A,In vivo,8626452,1
P67775,PPP2CA,P28482,MAPK1,Thr-183 ,HTGFLtEYVAT,In vitro and in vivo,"7780739, 16456541, 2154696",3
P62714,PPP2CB,P28482,MAPK1,Thr-183 ,HTGFLtEYVAT,In vitro and in vivo,"7780739, 16456541, 2154696, 12840032",3
P23469,PTPRE,P28482,MAPK1,"Thr-183, Tyr-185 ","HTGFLtEYVAT, GFLTEyVATRW",In vivo,12754301,1
Q12913,PTPRJ,P28482,MAPK1,Tyr-185,GFLTEyVATRW,In vitro and in vivo,19494114,2
P51452,DUSP3,P28482,MAPK1,Tyr-187 ,GFLTEyVATRW,In vitro and in vivo,10224087,2
P67775,PPP2CA,P28749,RBL1,N/A,N/A,In vitro and in vivo,"15467457, 20663872, 18927618, 23775125",3
P62714,PPP2CB,P28749,RBL1,N/A,N/A,In vitro and in vivo,"15467457, 20663872, 18927618, 23775125",3
P18031,PTPN1,P29320,EPHA3,Tyr-779,DPEAAyTTRGG,In vitro and in vivo,21135139,2
Q16827,PTPRO,P29323,EPHB2,Tyr-620,IDPFTyEDPNE,In vitro and in vivo,16680165,2
P18031,PTPN1,P29350,PTPN6,N/A,N/A,In vitro and in vivo,21123182,2
P60484,PTEN,P29353,SHC1,N/A,N/A,In vitro and in vivo,"10427092, 21206972",3
P17706,PTPN2,P29353,SHC1,Tyr-239 in Isoform p52Shc ,PPDHQyYNDFP,In vivo,9488479,1
P62136,PPP1CA,P29474,NOS3,Thr-495,ITRKKtFKEVA,In vivo,19036824,1
P62140,PPP1CB,P29474,NOS3,Thr-495,ITRKKtFKEVA,In vivo,19036824,1
P36873,PPP1CC,P29474,NOS3,Thr-495,ITRKKtFKEVA,In vivo,19036824,1
P29350,PTPN6,P29475,NOS1,N/A,N/A,In vivo,11511520,1
P08575,PTPRC,P29597,TYK2,"Tyr-1054, Tyr-1055","PEGHEyYRVRE, EGHEYyRVRED",In vitro,11201744,1
P18031,PTPN1,P29597,TYK2,N/A,N/A,In vitro and in vivo,11694501,2
Q9P0J1,PDP1,P29803,PDHA2,"Ser-230, Ser-291, Ser-298 ","YGMGTsTERAA, RYHGHsMSDPG, SDPGVsYRTRE",In vitro,16436377,1
Q9P2J9,PDP2,P29803,PDHA2,"Ser-230, Ser-291, Ser-298 ","YGMGTsTERAA, RYHGHsMSDPG, SDPGVsYRTRE",In vitro,16436377,1
Q9UNH5,CDC14A,P30304,CDC25A,"Ser-116, Ser-321 ","KLLGCsPALKR, LSLASsPKGTI",In vitro,17172867,1
O60729,CDC14B,P30304,CDC25A,N/A,N/A,In vitro and in vivo,21379580,2
Q9UNH5,CDC14A,P30305,CDC25B,N/A,N/A,In vitro and in vivo,20956543,2
O60729,CDC14B,P30305,CDC25B,N/A,N/A,In vitro and in vivo,21379580,2
O60729,CDC14B,P30307,CDC25C,N/A,N/A,In vitro and in vivo,21379580,2
P62136,PPP1CA,P30307,CDC25C,Ser-216,LYRSPsMPENL,In vitro,"14592972, 16467385",1
P62140,PPP1CB,P30307,CDC25C,Ser-216,LYRSPsMPENL,In vitro,"14592972, 16467385",1
P36873,PPP1CC,P30307,CDC25C,Ser-216,LYRSPsMPENL,In vitro,"14592972, 16467385",1
P29350,PTPN6,P31260,HOXA10,"Tyr-343, Tyr-360 ","KKRCPyTKHQT, FLFNMyLTRER",In vitro,12145285,1
P24666,ACP1,P31749,AKT1,Ser-473,HFPQFsYSASG,In vivo,17353188,1
O60346,PHLPP1,P31749,AKT1,Ser-473,HFPQFsYSASG,In vitro and in vivo,15808505,2
Q6ZVD8,PHLPP2,P31749,AKT1,Ser-473,HFPQFsYSASG,In vitro and in vivo,"17386267, 19261608",3
P67775,PPP2CA,P31749,AKT1,"Thr-308, Ser-473","GATMKtFCGTP, HFPQFsYSASG",In vitro and in vivo,"11087733, 11812651, 15367694",3
P62714,PPP2CB,P31749,AKT1,"Thr-308, Ser-473","GATMKtFCGTP, HFPQFsYSASG",In vitro and in vivo,"11087733, 11812651, 15367694",3
P62136,PPP1CA,P31749,AKT1,"Ser-473, Thr-450","HFPQFsYSASG, QMITItPPDQD",In vitro and in vivo,"14633703, 20186153",3
P62140,PPP1CB,P31749,AKT1,"Ser-473, Thr-450","HFPQFsYSASG, QMITItPPDQD",In vitro and in vivo,"14633703, 20186153",3
P36873,PPP1CC,P31749,AKT1,Ser-473,HFPQFsYSASG,In vitro and in vivo,14633703,2
O60346,PHLPP1,P31751,AKT2,Ser-474 ,HFPQFsYSASI,In vitro and in vivo,"17386267, 19261608",3
Q6ZVD8,PHLPP2,P31751,AKT2,Ser-474 ,HFPQFsYSASI,In vitro and in vivo,"17386267, 19261608",3
P67775,PPP2CA,P32519,ELF1,Thr-231,KYIKWtQREKG,In vivo,18714041,1
P62714,PPP2CB,P32519,ELF1,Thr-231,KYIKWtQREKG,In vivo,18714041,1
Q9H3S7,PTPN23,P35222,CTNNB1,N/A,N/A,In vitro,21724833,1
P10586,PTPRF,P35222,CTNNB1,N/A,N/A,In vitro,10187801,1
P24666,ACP1,P35222,CTNNB1,N/A,N/A,In vivo,"12438242, 16287083",1
Q15678,PTPN14,P35222,CTNNB1,N/A,N/A,In vitro,12808048,1
P18031,PTPN1,P35222,CTNNB1,N/A,N/A,In vivo,9786960,1
Q92729,PTPRU,P35222,CTNNB1,N/A,N/A,In vivo,"12501215, 16574648",1
Q15262,PTPRK,P35222,CTNNB1,N/A,N/A,In vitro,8663237,1
Q9BVJ7,DUSP23,P35222,CTNNB1,Tyr-142,VNLINyQDDAE,In vitro,27255161,1
P62136,PPP1CA,P35236,PTPN7,Ser-44 ,QERRGsNVALM,In vitro,14613483,1
P62140,PPP1CB,P35236,PTPN7,Ser-44 ,QERRGsNVALM,In vitro,14613483,1
P36873,PPP1CC,P35236,PTPN7,Ser-44 ,QERRGsNVALM,In vitro,14613483,1
Q9UNI6,DUSP12,P35557,GCK,N/A,N/A,In vitro,10913113,1
P18031,PTPN1,P35568,IRS1,N/A,N/A,In vitro and in vivo,"11579209, 10660596",3
Q12923,PTPN13,P35568,IRS1,N/A,N/A,In vitro and in vivo,17638892,2
Q06124,PTPN11,P35568,IRS1,"Tyr-895, Tyr-1172 ","KSPGEyVNIEF, EKSLNyIDLDL",In vitro,"7515062, 7935386",2
P62136,PPP1CA,P35568,IRS1,Ser-789,LRLSSsSGRLR,In vitro,"26702053, 9849961",2
P62140,PPP1CB,P35568,IRS1,Ser-789,LRLSSsSGRLR,In vitro,"26702053, 9849961",2
P36873,PPP1CC,P35568,IRS1,Ser-789,LRLSSsSGRLR,In vitro,"26702053, 9849961",2
P23471,PTPRZ1,P35612,ADD2,Tyr-568 ,QELEEyKKEVE,In vivo,16105548,1
P24666,ACP1,P35968,KDR,N/A,N/A,In vitro and in vivo,10608891,2
P23467,PTPRB,P35968,KDR,Tyr-1175,QDGKDyIVLPI,In vivo,19136612,1
Q12913,PTPRJ,P35968,KDR,"Tyr-1054, Tyr-1059","LARDIyKDPDY, YKDPDyVRKGD",In vitro and in vivo,18936167,2
P29350,PTPN6,P35968,KDR,"Tyr-1059, Tyr-1175","YKDPDyVRKGD, QDGKDyIVLPI",In vivo,18377662,1
Q06124,PTPN11,P35968,KDR,"Tyr-951, Tyr-996, Tyr-1059","RQGKDyVGAIP, APEDLyKDFLT, YKDPDyVRKGD",In vitro,19706677,1
P17706,PTPN2,P35968,KDR,"Tyr-996, Tyr-1054, Tyr-1059, Tyr-1214","APEDLyKDFLT, LARDIyKDPDY, YKDPDyVRKGD, DPKFHyDNTAG",In vitro and in vivo,18840653,2
O95476,CTDNEP1,P36894,BMPR1A,N/A,N/A,In vitro and in vivo,17141153,2
P36873,PPP1CC,P36897,TGFBR1,N/A,N/A,In vitro,14718519,1
P62136,PPP1CA,P36897,TGFBR1,N/A,N/A,In vitro,14718519,1
P62140,PPP1CB,P36897,TGFBR1,N/A,N/A,In vitro,14718519,1
P67775,PPP2CA,P37840,SNCA,Ser-129,AYEMPsEEGYQ,In vitro and in vivo,21562258,2
P62714,PPP2CB,P37840,SNCA,Ser-129,AYEMPsEEGYQ,In vitro and in vivo,21562258,2
P62136,PPP1CA,P38398,BRCA1,"Ser-988, Ser-1423, Ser-1524","LFPIKsFVKTK, LEQHGsQPSNS, NRNYPsQEELI",In vitro and in vivo,"12438214, 17603999",2
O15355,PPM1G,P38432,COIL,N/A,N/A,In vitro,19435804,1
P30304,CDC25A,P39880,CUX1,N/A,N/A,In vivo,9707427,1
P67775,PPP2CA,P40189,IL6ST,Ser-782,FSRSEsTQPLL,In vitro,15786731,1
P62714,PPP2CB,P40189,IL6ST,Ser-782,FSRSEsTQPLL,In vitro,15786731,1
Q9NRW4,DUSP22,P40763,STAT3,N/A,N/A,In vivo,16636663,1
P18031,PTPN1,P40763,STAT3,Tyr-705 ,GSAAPyLKTKF,In vitro and in vivo,"11970898, 15821101",3
P23468,PTPRD,P40763,STAT3,Tyr-705,GSAAPyLKTKF,In vitro and in vivo,19478061,2
O14522,PTPRT,P40763,STAT3,Tyr-705,GSAAPyLKTKF,In vitro and in vivo,17360477,2
P17706,PTPN2,P40763,STAT3,N/A,N/A,In vitro and in vivo,12359225,2
O75688,PPM1B,P41208,CETN2,N/A,N/A,In vitro,22820751,1
P67775,PPP2CA,P41743,PRKCI,N/A,N/A,In vitro,15367694,1
P62714,PPP2CB,P41743,PRKCI,N/A,N/A,In vitro,15367694,1
Q06124,PTPN11,P42224,STAT1,"Tyr-701, Ser-727 ","PKGTGyIKTEL, NLLPMsPEEFD",In vitro and in vivo,"12270932, 18832710",3
P17706,PTPN2,P42224,STAT1,Tyr-701,PKGTGyIKTEL,In vitro and in vivo,"12138178, 12923054, 12171910",3
P18031,PTPN1,P42226,STAT6,N/A,N/A,In vitro and in vivo,18716132,2
P17706,PTPN2,P42226,STAT6,N/A,N/A,In vitro and in vivo,17210636,2
P24666,ACP1,P42229,STAT5A,N/A,N/A,In vitro and in vivo,14637146,2
P18031,PTPN1,P42229,STAT5A,Tyr-694,KAVDGyVKPQI,In vitro and in vivo,10993888,2
Q06124,PTPN11,P42229,STAT5A,Tyr-694,KAVDGyVKPQI,In vitro,10617656,1
P17706,PTPN2,P42229,STAT5A,N/A,N/A,In vitro and in vivo,11773439,2
P51452,DUSP3,P42229,STAT5A,N/A,N/A,In vitro and in vivo,17785772,2
P67775,PPP2CA,P42574,CASP3,Ser-150,GDRCRsLTGKP,In vitro,15569672,1
P62714,PPP2CB,P42574,CASP3,Ser-150,GDRCRsLTGKP,In vitro,15569672,1
P62136,PPP1CA,P42575,CASP2,Ser-135,EYREEsIDDGD,In vitro and in vivo,19531356,2
P62140,PPP1CB,P42575,CASP2,Ser-135,EYREEsIDDGD,In vitro and in vivo,19531356,2
P36873,PPP1CC,P42575,CASP2,Ser-135,EYREEsIDDGD,In vitro and in vivo,19531356,2
Q05209,PTPN12,P42768,WAS,Tyr-291,TSKLIyDFIED,In vivo,14707117,1
P24666,ACP1,P43403,ZAP70,Tyr-292,LNSDGyTPEPA,In vitro,11976341,1
Q9Y2R2,PTPN22,P43403,ZAP70,Tyr-493,ADDSYyTARSA,In vitro and in vivo,16461343,2
Q8TF42,UBASH3B,P43403,ZAP70,N/A,N/A,In vitro,14738763,1
Q8TF42,UBASH3B,P43405,SYK,"Tyr-525, Tyr-526","RADENyYKAQT; ADENYyKAQTH
",in vitro,"20585042
",1
P62136,PPP1CA,P45379,TNNT2,"Thr-204, Ser-208, Thr-294 ","QKQAQtERKSG, QTERKsGKRQT, GKAKVtGRWK-",In vitro,16585947,1
P62140,PPP1CB,P45379,TNNT2,"Thr-204, Ser-208, Thr-294 ","QKQAQtERKSG, QTERKsGKRQT, GKAKVtGRWK-",In vitro,16585947,1
P36873,PPP1CC,P45379,TNNT2,"Thr-204, Ser-208, Thr-294 ","QKQAQtERKSG, QTERKsGKRQT, GKAKVtGRWK-",In vitro,16585947,1
Q9NRW4,DUSP22,P45983,MAPK8,N/A,N/A,In vitro and in vivo,"11346645, 12204117",3
Q13202,DUSP8,P45983,MAPK8,N/A,N/A,In vitro,"8910287, 10915787",2
Q8NEJ0,DUSP18,P45983,MAPK8,N/A,N/A,In vitro and in vivo,16720344,2
P28562,DUSP1,P45983,MAPK8,N/A,N/A,In vitro and in vivo,9202001,2
Q99956,DUSP9,P45983,MAPK8,N/A,N/A,In vivo,18296638,1
Q9Y6W6,DUSP10,P45983,MAPK8,N/A,N/A,In vitro and in vivo,"10391943, 10597297",3
P67775,PPP2CA,P45983,MAPK8,N/A,N/A,In vitro,10322434,1
P62714,PPP2CB,P45983,MAPK8,N/A,N/A,In vitro,10322434,1
P51452,DUSP3,P45983,MAPK8,N/A,N/A,In vitro and in vivo,"12204117, 11971192",3
Q8WTR2,DUSP19,P45984,MAPK9,N/A,N/A,In vitro,11959861,1
P28562,DUSP1,P45984,MAPK9,N/A,N/A,In vivo,8626452,1
Q13115,DUSP4,P45984,MAPK9,N/A,N/A,In vivo,8626452,1
Q99956,DUSP9,P45984,MAPK9,N/A,N/A,In vivo,18296638,1
Q9Y6W6,DUSP10,P45984,MAPK9,N/A,N/A,In vivo,10597297,1
Q9BY84,DUSP16,P45984,MAPK9,N/A,N/A,In vivo,11564882,1
P51452,DUSP3,P45984,MAPK9,N/A,N/A,In vitro and in vivo,11971192,2
P67775,PPP2CA,P45985,MAP2K4,N/A,N/A,In vitro,10322434,1
P62714,PPP2CB,P45985,MAP2K4,N/A,N/A,In vitro,10322434,1
P35813,PPM1A,P45985,MAP2K4,N/A,N/A,In vitro and in vivo,9707433,2
P18031,PTPN1,P46108,CRK,N/A,N/A,In vitro and in vivo,12799422,2
P18031,PTPN1,P46459,NSF,N/A,N/A,In vitro,19208619,1
P43378,PTPN9,P46459,NSF,N/A,N/A,In vivo,15322554,1
Q9UNH5,CDC14A,P46527,CDKN1B,N/A,N/A,In vitro,12134069,1
Q9ULR3,PPM1H,P46527,CDKN1B,Thr-187,GSVEQtPKKPG,In vitro and in vivo,22586611,2
P62714,PPP2CB,P46527,CDKN1B,Thr-187,GSVEQtPKKPG,In vitro and in vivo,20448040,2
P67775,PPP2CA,P46527,CDKN1B,Thr-187,GSVEQtPKKPG,In vitro and in vivo,20448040,2
P51452,DUSP3,P47710,CSN1S1,N/A,N/A,In vitro,1281549,1
Q9UNH5,CDC14A,P48200,IREB2,Ser-157,KAGKLsPVKVQ,In vivo,18574241,1
P67775,PPP2CA,P49023,PXN,N/A,N/A,In vitro,10675325,1
P62714,PPP2CB,P49023,PXN,N/A,N/A,In vitro,10675325,1
O14522,PTPRT,P49023,PXN,Tyr-88,SSSPVyGSSAK,In vitro and in vivo,20133777,2
Q06124,PTPN11,P49023,PXN,N/A,N/A,In vitro,14665621,1
P67775,PPP2CA,P49137,MAPKAPK2,N/A,N/A,In vitro,1327754,1
P62714,PPP2CB,P49137,MAPKAPK2,N/A,N/A,In vitro,1327754,1
P62136,PPP1CA,P49674,CSNK1E,N/A,N/A,In vitro,9430669,1
P62140,PPP1CB,P49674,CSNK1E,N/A,N/A,In vitro,9430669,1
P36873,PPP1CC,P49674,CSNK1E,N/A,N/A,In vitro,9430669,1
P67775,PPP2CA,P49674,CSNK1E,N/A,N/A,In vitro,9430669,1
P62714,PPP2CB,P49674,CSNK1E,N/A,N/A,In vitro,9430669,1
Q08209,PPP3CA,P49674,CSNK1E,N/A,N/A,In vitro,9430669,1
P16298,PPP3CB,P49674,CSNK1E,N/A,N/A,In vitro,9430669,1
P48454,PPP3CC,P49674,CSNK1E,N/A,N/A,In vitro,9430669,1
P53041,PPP5C,P49674,CSNK1E,N/A,N/A,In vitro,16790549,1
O95278,EPM2A,P49841,GSK3B,Ser-9,RPRTTsFAESC,In vitro and in vivo,16959610,2
Q08209,PPP3CA,P49841,GSK3B,Ser-9,RPRTTsFAESC,In vitro,19659461,1
P16298,PPP3CB,P49841,GSK3B,Ser-9,RPRTTsFAESC,In vitro,19659461,1
P48454,PPP3CC,P49841,GSK3B,Ser-9,RPRTTsFAESC,In vitro,19659461,1
P18031,PTPN1,P49841,GSK3B,N/A,N/A,In vitro,7514173,1
P67775,PPP2CA,P50552,VASP,N/A,N/A,In vitro,7656973,1
P62714,PPP2CB,P50552,VASP,N/A,N/A,In vitro,7656973,1
Q08209,PPP3CA,P50552,VASP,N/A,N/A,In vitro,7656973,1
P16298,PPP3CB,P50552,VASP,N/A,N/A,In vitro,7656973,1
P48454,PPP3CC,P50552,VASP,N/A,N/A,In vitro,7656973,1
Q08209,PPP3CA,P50570,DNM2,Ser-764,NTSSHsPTPQR,In vitro and in vivo,20496096,2
P16298,PPP3CB,P50570,DNM2,Ser-764,NTSSHsPTPQR,In vitro and in vivo,20496096,2
P48454,PPP3CC,P50570,DNM2,Ser-764,NTSSHsPTPQR,In vitro and in vivo,20496096,2
P62136,PPP1CA,P50750,CDK9,"Ser-175, Thr-186","LARAFsLAKNS, QPNRYtNRVVT",In vitro,"21533037, 18483222",2
P67775,PPP2CA,P50750,CDK9,N/A,N/A,In vitro,16048649,1
P62714,PPP2CB,P50750,CDK9,N/A,N/A,In vitro,16048649,1
P35813,PPM1A,P50750,CDK9,Thr-186,QPNRYtNRVVT,In vitro and in vivo,18829461,2
O75688,PPM1B,P50750,CDK9,Thr-186,QPNRYtNRVVT,In vitro,18829461,1
P18031,PTPN1,P51692,STAT5B,Tyr-699,KAADGyVKPQI,In vitro and in vivo,10993888,2
Q06124,PTPN11,P51692,STAT5B,Tyr-699,KAVDGyVKPQI,In vitro,10617656,1
P17706,PTPN2,P51692,STAT5B,N/A,N/A,In vitro and in vivo,11773439,2
P67775,PPP2CA,P51812,RPS6KA3,N/A,N/A,In vitro,7623830,1
P62714,PPP2CB,P51812,RPS6KA3,N/A,N/A,In vitro,7623830,1
O15297,PPM1D,P51812,RPS6KA3,"Ser-227, Ser-369, Ser-386, Thr-577","EKKAYsFCGTV, KTPKDsPGIPP, LFRGFsFVAIT, NGLLMtPCYTA",In vitro and in vivo,15206906,2
P08575,PTPRC,P52333,JAK3,N/A,N/A,In vitro,11994288,1
P17706,PTPN2,P52333,JAK3,N/A,N/A,In vivo,11909529,1
P35813,PPM1A,P52564,MAP2K6,N/A,N/A,In vitro and in vivo,9707433,2
P67775,PPP2CA,P53350,PLK1,N/A,N/A,In vitro,9344838,1
P62714,PPP2CB,P53350,PLK1,N/A,N/A,In vitro,9344838,1
Q9NRX4,PHPT1,P53396,ACLY,His-760,EVQFGhAGACA,In vitro,12788074,1
Q8WYL5,SSH1,P53667,LIMK1,Thr-508,RKKRYtVVGNP,In vitro,15660133,1
P26045,PTPN3,P53778,MAPK12,N/A,N/A,In vitro and in vivo,"20332238, 25314960",3
Q9BY84,DUSP16,P53779,MAPK10,N/A,N/A,In vivo,15888437,1
Q08209,PPP3CA,P53805,RCAN1,Ser-108,KQFLIsPPASP,In vitro,12063245,1
P16298,PPP3CB,P53805,RCAN1,Ser-108,KQFLIsPPASP,In vitro,12063245,1
P48454,PPP3CC,P53805,RCAN1,Ser-108,KQFLIsPPASP,In vitro,12063245,1
Q16827,PTPRO,P54764,EPHA4,Tyr-602,VDPFTyEDPNQ,In vitro and in vivo,16680165,2
Q9ULR3,PPM1H,P55060,CSE1L,N/A,N/A,In vitro and in vivo,18059182,2
P26045,PTPN3,P55072,VCP,"Tyr-796, Tyr-805","TGGSVyTEDND, NDDDLyG----",In vitro and in vivo,10364224,2
P62136,PPP1CA,P55211,CASP9,Thr-125,VLRPEtPRPVD,In vitro and in vivo,16888006,2
P67775,PPP2CA,P56945,BCAR1,N/A,N/A,In vitro,11593413,1
P62714,PPP2CB,P56945,BCAR1,N/A,N/A,In vitro,11593413,1
O75365,PTP4A3,P56945,BCAR1,N/A,N/A,In vivo,11355880,1
P18031,PTPN1,P56945,BCAR1,N/A,N/A,In vivo,"8940134, 9418872",1
Q05209,PTPN12,P56945,BCAR1,N/A,N/A,In vitro and in vivo,"9285683, 12714323, 9748319, 8887669, 9920935",3
P18433,PTPRA,P56945,BCAR1,N/A,N/A,In vitro and in vivo,10787408,2
Q9HD43,PTPRH,P56945,BCAR1,N/A,N/A,In vitro and in vivo,11278335,2
P60484,PTEN,P60484,PTEN,"Ser-380, Thr-382, Thr-383","DHYRYsDTTDS, YRYSDtTDSDP, RYSDTtDSDPE",In vivo,22413754,1
Q8WYL5,SSH1,P60981,DSTN,Ser-3,Err:520,In vitro and in vivo,11832213,2
P62136,PPP1CA,P62136,PPP1CA,Thr-320,GGRPItPPRNS,In vitro,19396163,1
Q9NRX4,PHPT1,P62805,HIST1H4A,N/A,N/A,In vitro,21679093,1
Q9NRX4,PHPT1,P62873,GNB1,His-266,LMTYShDNIIC,In vitro and in vivo,16039992,2
P36873,PPP1CC,P68431,HIST1H3A,"Thr-4, Ser-11, Thr-12, Ser-29",Err:520,In vitro and in vivo,21514157,2
P67775,PPP2CA,P68431,HIST1H3A,Ser-11 (Ser-10 in ref.),QTARKsTGGKA,In vitro,15880462,1
P62714,PPP2CB,P68431,HIST1H3A,Ser-11 (Ser-10 in ref.),QTARKsTGGKA,In vitro,15880462,1
Q06124,PTPN11,P78324,SIRPA,N/A ,N/A ,In vitro,"8943344, 8910355",1
O00743,PPP6C,P78527,PRKDC,N/A,N/A,In vivo,19198648,1
Q9NYA4,MTMR4,P84022,SMAD3,N/A,N/A,In vivo,20061380,1
P67775,PPP2CA,P84022,SMAD3,N/A,N/A,In vitro and in vivo,19951945,2
P62714,PPP2CB,P84022,SMAD3,N/A,N/A,In vitro and in vivo,19951945,2
P35813,PPM1A,P84022,SMAD3,N/A,N/A,In vitro,16751101,1
Q9GZU7,CTDSP1,P84022,SMAD3,"Thr-8, Ser-204, Ser-208, Ser-213","SILPFtPPIVK, SMDAGsPNLSP, GSPNLsPNPMS, SPNPMsPAHNN",In vitro and in vivo,17035229,2
O14595,CTDSP2,P84022,SMAD3,"Thr-8, Ser-204, Ser-208, Ser-213","SILPFtPPIVK, SMDAGsPNLSP, GSPNLsPNPMS, SPNPMsPAHNN",In vitro and in vivo,17035229,2
O15194,CTDSPL,P84022,SMAD3,"Thr-8, Ser-204, Ser-208, Ser-213","SILPFtPPIVK, SMDAGsPNLSP, GSPNLsPNPMS, SPNPMsPAHNN",In vitro and in vivo,17035229,2
P35813,PPM1A,Q00534,CDK6,Thr-177,FQMALtSVVVT,In vitro,10934208,1
O75688,PPM1B,Q00534,CDK6,Thr-177,FQMALtSVVVT,In vitro,10934208,1
P67775,PPP2CA,Q00987,MDM2,Thr-216,SESTEtPSHQD,In vitro and in vivo,11983168,2
P62714,PPP2CB,Q00987,MDM2,Thr-216,SESTEtPSHQD,In vitro and in vivo,11983168,2
O15297,PPM1D,Q00987,MDM2,Ser-395,ESEDYsQPSTS,In vitro and in vivo,17936559,2
P36873,PPP1CC,Q02224,CENPE,Thr-422,RKRRVtWCLGK,In vitro and in vivo,20691903,2
Q9UNH5,CDC14A,Q02241,KIF23,"Thr-8, Thr-450","SARAKtPRKPT, AICGLtPGRRY",In vitro,15282614,1
P67775,PPP2CA,Q02750,MAP2K1,N/A,N/A,In vitro,1716348,1
P62714,PPP2CB,Q02750,MAP2K1,N/A,N/A,In vitro,1716348,1
P23467,PTPRB,Q02763,TEK,N/A,N/A,In vitro and in vivo,"10557082, 19116766, 19451274 ",3
P17706,PTPN2,Q02790,FKBP4,N/A,N/A,In vivo,12552015,1
P18031,PTPN1,Q03135,CAV1,Tyr-14,SEGHLyTVPIR,In vitro and in vivo,16388599,2
P17706,PTPN2,Q03135,CAV1,Tyr-14,SEGHLyTVPIR,In vitro,20940300,1
P67775,PPP2CA,Q04206,RELA,Ser-536,DEDFSsIADMD,In vitro,"17188031, 29139553",2
P60510,PPP4C,Q04206,RELA,Thr-435,QAGEGtLSEAL,In vivo,15073167,1
Q08209,PPP3CA,Q05193,DNM1,Ser-778,RSPTSsPTPQR,In vitro,"8052858, 20496096",1
P16298,PPP3CB,Q05193,DNM1,Ser-778,RSPTSsPTPQR,In vitro,"8052858, 20496096",1
P48454,PPP3CC,Q05193,DNM1,Ser-778,RSPTSsPTPQR,In vitro,"8052858, 20496096",1
P62136,PPP1CA,Q05329,GAD2,N/A,N/A,In vitro,15147202,1
P62140,PPP1CB,Q05329,GAD2,N/A,N/A,In vitro,15147202,1
P36873,PPP1CC,Q05329,GAD2,N/A,N/A,In vitro,15147202,1
P67775,PPP2CA,Q05329,GAD2,N/A,N/A,In vitro,15147202,1
P62714,PPP2CB,Q05329,GAD2,N/A,N/A,In vitro,15147202,1
Q08209,PPP3CA,Q05329,GAD2,N/A,N/A,In vitro,15147202,1
P16298,PPP3CB,Q05329,GAD2,N/A,N/A,In vitro,15147202,1
P48454,PPP3CC,Q05329,GAD2,N/A,N/A,In vitro,15147202,1
Q9H3S7,PTPN23,Q05397,PTK2,N/A,N/A,In vivo,17959146,1
P24666,ACP1,Q05397,PTK2,N/A,N/A,In vitro and in vivo,12055185,2
P62136,PPP1CA,Q05397,PTK2,Ser-722,RPGYPsPRSSE,In vitro,"15975092, 11513739",1
P62140,PPP1CB,Q05397,PTK2,Ser-722,RPGYPsPRSSE,In vitro,"15975092, 11513739",1
P36873,PPP1CC,Q05397,PTK2,Ser-722,RPGYPsPRSSE,In vitro,"15975092, 11513739",1
P60484,PTEN,Q05397,PTK2,Tyr-397,SETDDyAEIID,In vitro and in vivo,"10400703, 9616126, 10427092",2
P18031,PTPN1,Q05397,PTK2,Tyr-397,SETDDyAEIID,In vivo,"16291744, 9418872",2
Q05209,PTPN12,Q05397,PTK2,Tyr-397 ,SETDDyAEIID,In vitro and in vivo,19595712,2
Q8TF42,UBASH3B,Q05397,PTK2,N/A,N/A,N/A,UniProt,0
P62136,PPP1CA,Q05655,PRKCD,"Thr-507, Ser-645, Ser-664 ","ESRAStFCGTP, EKARLsYSDKN, AFAGFsFVNPK",In vitro,11959144,1
P62140,PPP1CB,Q05655,PRKCD,"Thr-507, Ser-645, Ser-664 ","ESRAStFCGTP, EKARLsYSDKN, AFAGFsFVNPK",In vitro,11959144,1
P36873,PPP1CC,Q05655,PRKCD,"Thr-507, Ser-645, Ser-664 ","ESRAStFCGTP, EKARLsYSDKN, AFAGFsFVNPK",In vitro,11959144,1
P67775,PPP2CA,Q05655,PRKCD,"Thr-507, Ser-645, Ser-664 ","ESRAStFCGTP, EKARLsYSDKN, AFAGFsFVNPK",In vitro and in vivo,11959144,2
P62714,PPP2CB,Q05655,PRKCD,"Thr-507, Ser-645, Ser-664 ","ESRAStFCGTP, EKARLsYSDKN, AFAGFsFVNPK",In vitro and in vivo,11959144,2
P35813,PPM1A,Q05655,PRKCD,"Thr-507, Ser-645, Ser-664 ","ESRAStFCGTP, EKARLsYSDKN, AFAGFsFVNPK",In vitro,11959144,1
P18031,PTPN1,Q06124,PTPN11,N/A,N/A,In vitro and in vivo,21123182,2
Q12913,PTPRJ,Q07157,TJP1,N/A,N/A,In vitro and in vivo,19332538,2
P18031,PTPN1,Q07157,TJP1,N/A,N/A,In vitro,18515860,1
P67775,PPP2CA,Q07812,BAX,N/A,N/A,In vitro and in vivo,16679323,2
P62714,PPP2CB,Q07812,BAX,N/A,N/A,In vitro and in vivo,16679323,2
P67775,PPP2CA,Q08379,GOLGA2,Ser-37 ,YQQKNsPGVPA,In vitro,10769027,1
P62714,PPP2CB,Q08379,GOLGA2,Ser-37 ,YQQKNsPGVPA,In vitro,10769027,1
P67775,PPP2CA,Q08999,RBL2,N/A,N/A,In vitro and in vivo,"15467457, 20663870",2
P62714,PPP2CB,Q08999,RBL2,N/A,N/A,In vitro and in vivo,"15467457, 20663870",2
P35813,PPM1A,Q12798,CETN1,Thr-138,LGENLtDEELQ,In vitro,22820751,1
O75688,PPM1B,Q12798,CETN1,Thr-138,LGENLtDEELQ,In vitro,22820751,1
P67775,PPP2CA,Q12933,TRAF2,Thr-117,CTWKGtLKEYE,In vivo,17188031,1
P62714,PPP2CB,Q12933,TRAF2,Thr-117,CTWKGtLKEYE,In vivo,17188031,1
Q06124,PTPN11,Q13017,ARHGAP5,N/A,N/A,In vitro,15169898,1
O60346,PHLPP1,Q13043,STK4,Thr-387,KRRDEtMQPAK,In vitro and in vivo,20513427,2
Q6ZVD8,PHLPP2,Q13043,STK4,Thr-387,KRRDEtMQPAK,In vitro and in vivo,20513427,2
P62136,PPP1CA,Q13043,STK4,Thr-183,MAKRNtVIGTP,In vitro,21199877,1
P62140,PPP1CB,Q13043,STK4,Thr-183,MAKRNtVIGTP,In vitro,21199877,1
P36873,PPP1CC,Q13043,STK4,Thr-183,MAKRNtVIGTP,In vitro,21199877,1
P67775,PPP2CA,Q13043,STK4,Thr-183,MAKRNtVIGTP,In vitro,21199877,1
P62714,PPP2CB,Q13043,STK4,Thr-183,MAKRNtVIGTP,In vitro,21199877,1
P67775,PPP2CA,Q13131,PRKAA1,N/A,N/A,In vitro,8652652,1
P62714,PPP2CB,Q13131,PRKAA1,N/A,N/A,In vitro,8652652,1
P49593,PPM1F,Q13153,PAK1,"Ser-57, Thr-422 ","DRFYRsILAGD, QSKRStMVGTP",In vitro and in vivo,11864573,2
Q8WY54,PPM1E,Q13153,PAK1,N/A,N/A,In vivo,11864573,1
P67775,PPP2CA,Q13153,PAK1,"Ser-57, Ser-198 in ref. ","DRFYRsILAGD, PEHTKsVYTRS",In vitro and in vivo,"18586681, 10322434",3
P62714,PPP2CB,Q13153,PAK1,"Ser-57, Ser-198 in ref. ","DRFYRsILAGD, PEHTKsVYTRS",In vitro and in vivo,"18586681, 10322434",3
P35813,PPM1A,Q13153,PAK1,"Ser-57, Ser-198 in ref. ","DRFYRsILAGD, PEHTKsVYTRS",In vitro and in vivo,18586681,2
Q15256,PTPRR,Q13164,MAPK7,Tyr-221 ,YFMTEyVATRW,In vitro and in vivo,12042304,2
P35813,PPM1A,Q13177,PAK2,N/A,N/A,In vitro,18586681,1
P62136,PPP1CA,Q13188,STK3,Thr-180,MAKRNtVIGTP,In vitro,21199877,1
P62140,PPP1CB,Q13188,STK3,Thr-180,MAKRNtVIGTP,In vitro,21199877,1
P36873,PPP1CC,Q13188,STK3,Thr-180,MAKRNtVIGTP,In vitro,21199877,1
P67775,PPP2CA,Q13188,STK3,Thr-180,MAKRNtVIGTP,In vitro,21199877,1
P62714,PPP2CB,Q13188,STK3,Thr-180,MAKRNtVIGTP,In vitro,21199877,1
O60729,CDC14B,Q13309,SKP2,Ser-64,LGHPEsPPRKR,In vitro and in vivo,18239684,2
P36873,PPP1CC,Q13315,ATM,Ser-1981,AFEEGsQSTTI,In vitro,20188555,1
P67775,PPP2CA,Q13315,ATM,Ser-1981,AFEEGsQSTTI,In vivo,15510216,1
P62714,PPP2CB,Q13315,ATM,Ser-1981,AFEEGsQSTTI,In vivo,15510216,1
O15297,PPM1D,Q13315,ATM,Ser-1981,AFEEGsQSTTI,In vitro and in vivo,16949371,2
P62136,PPP1CA,Q13422,IKZF1,N/A,N/A,In vitro and in vivo,19282287,2
P62140,PPP1CB,Q13422,IKZF1,N/A,N/A,In vitro and in vivo,19282287,2
P36873,PPP1CC,Q13422,IKZF1,N/A,N/A,In vitro and in vivo,19282287,2
Q08209,PPP3CA,Q13469,NFATC2,"five serines of Ser-168, Ser-171, Ser-172, Ser-174, Ser-175, Ser-177, and Ser-180; Ser-213, Ser-217, Ser-221, Ser-268, Ser-274, Ser-276, Ser-280, Ser-326 in isoform C",N/A,In vitro and in vivo,"9660947, 11030334",2
P16298,PPP3CB,Q13469,NFATC2,"five serines of Ser-168, Ser-171, Ser-172, Ser-174, Ser-175, Ser-177, and Ser-180; Ser-213, Ser-217, Ser-221, Ser-268, Ser-274, Ser-276, Ser-280, Ser-326 in isoform C",N/A,In vitro and in vivo,"9660947, 11030334",2
P48454,PPP3CC,Q13469,NFATC2,"five serines of Ser-168, Ser-171, Ser-172, Ser-174, Ser-175, Ser-177, and Ser-180; Ser-213, Ser-217, Ser-221, Ser-268, Ser-274, Ser-276, Ser-280, Ser-326 in isoform C",N/A,In vitro and in vivo,"9660947, 11030334",2
P18031,PTPN1,Q13480,GAB1,N/A,N/A,In vitro and in vivo,21123182,2
Q06124,PTPN11,Q13480,GAB1,"Tyr-589, Tyr-627, Tyr-659","DSEENyVPMNP, DKQVEyLDLDL, DERVDyVVVDQ",In vitro and in vivo,"12582165, 14701753, 11323411, 11453982",3
P67775,PPP2CA,Q13522,PPP1R1A,Ser-67,STLSMsPRQRK,In vitro and in vivo,11278334,2
P62714,PPP2CB,Q13522,PPP1R1A,Ser-67,STLSMsPRQRK,In vitro and in vivo,11278334,2
Q08209,PPP3CA,Q13522,PPP1R1A,Ser-67,STLSMsPRQRK,In vitro and in vivo,11278334,2
P16298,PPP3CB,Q13522,PPP1R1A,Ser-67,STLSMsPRQRK,In vitro and in vivo,11278334,2
P48454,PPP3CC,Q13522,PPP1R1A,Ser-67,STLSMsPRQRK,In vitro and in vivo,11278334,2
P67775,PPP2CA,Q13554,CAMK2B,N/A,N/A,In vitro,7798931,1
P62714,PPP2CB,Q13554,CAMK2B,N/A,N/A,In vitro,7798931,1
P62136,PPP1CA,Q13555,CAMK2G,Thr-287,MHRQEtVECLR,In vitro,18338982,1
P62140,PPP1CB,Q13555,CAMK2G,Thr-287,MHRQEtVECLR,In vitro,18338982,1
P36873,PPP1CC,Q13555,CAMK2G,Thr-287,MHRQEtVECLR,In vitro,18338982,1
P67775,PPP2CA,Q13555,CAMK2G,Thr-287,MHRQEtVECLR,In vitro,18338982,1
P62714,PPP2CB,Q13555,CAMK2G,Thr-287,MHRQEtVECLR,In vitro,18338982,1
O15194,CTDSPL,Q13555,CAMK2G,N/A,N/A,In vitro,18338982,1
P67775,PPP2CA,Q13873,BMPR2,N/A,N/A,In vitro,19339557,1
P62714,PPP2CB,Q13873,BMPR2,N/A,N/A,In vitro,19339557,1
P67775,PPP2CA,Q13976,PRKG1,N/A,N/A,In vitro,10322434,1
P62714,PPP2CB,Q13976,PRKG1,N/A,N/A,In vitro,10322434,1
P49593,PPM1F,Q14012,CAMK1,N/A,N/A,In vitro,15680915,1
P67775,PPP2CA,Q14012,CAMK1,N/A,N/A,In vitro,1320022,1
P62714,PPP2CB,Q14012,CAMK1,N/A,N/A,In vitro,1320022,1
P18031,PTPN1,Q14247,CTTN,Tyr-446,EPEPVySMEAA,In vivo,18387954,1
Q05209,PTPN12,Q14289,PTK2B,"Tyr-402, Tyr-579, Tyr-580","IESDIyAEIPD, IEDEDyYKASV, EDEDYyKASVT",In vitro and in vivo,11337490,2
Q06124,PTPN11,Q14289,PTK2B,N/A ,N/A ,In vitro and in vivo,10880513,2
O95476,CTDNEP1,Q14693,LPIN1,Ser-106,MYLATsPILSE,In vivo,17420445,1
P23469,PTPRE,Q14721,KCNB1,Tyr-128 ,GIDEIyLESCC,In vitro and in vivo,10921884,2
P29350,PTPN6,Q14790,CASP8,"Tyr-397, Tyr-465 in isoform 4","SEEQPyLEMDL, LTEVNyEVSNK",In vivo,18086677,1
P35813,PPM1A,Q14832,GRM3,Ser-845,HLNRFsVSGTG,In vitro,14663150,1
Q08209,PPP3CA,Q14973,SLC10A1,N/A,N/A,In vitro,12065290,1
P16298,PPP3CB,Q14973,SLC10A1,N/A,N/A,In vitro,12065290,1
P48454,PPP3CC,Q14973,SLC10A1,N/A,N/A,In vitro,12065290,1
P62136,PPP1CA,Q15054,POLD3,N/A,N/A,In vitro and in vivo,18826257,2
P62140,PPP1CB,Q15054,POLD3,N/A,N/A,In vitro and in vivo,18826257,2
P36873,PPP1CC,Q15054,POLD3,N/A,N/A,In vitro and in vivo,18826257,2
P67775,PPP2CA,Q15078,CDK5R1,N/A,N/A,In vitro,21482799,1
P62714,PPP2CB,Q15078,CDK5R1,N/A,N/A,In vitro,21482799,1
P62136,PPP1CA,Q15139,PRKD1,N/A,N/A,In vitro,9507012,1
P62140,PPP1CB,Q15139,PRKD1,N/A,N/A,In vitro,9507012,1
P36873,PPP1CC,Q15139,PRKD1,N/A,N/A,In vitro,9507012,1
P67775,PPP2CA,Q15139,PRKD1,N/A,N/A,In vitro,9507012,1
P62714,PPP2CB,Q15139,PRKD1,N/A,N/A,In vitro,9507012,1
P67775,PPP2CA,Q15172,PPP2R5A,N/A,N/A,In vitro,10866685,1
P62714,PPP2CB,Q15172,PPP2R5A,N/A,N/A,In vitro,10866685,1
Q9BZG2,ACP4,Q15303,ERBB4,N/A,N/A,In vivo,15219672,1
P67775,PPP2CA,Q15418,RPS6KA1,N/A,N/A,In vitro,7623830,1
P62714,PPP2CB,Q15418,RPS6KA1,N/A,N/A,In vitro,7623830,1
Q12923,PTPN13,Q15654,TRIP6,Tyr-55,PSEQCyQAPGG,In vitro and in vivo,17591779,2
P35813,PPM1A,Q15796,SMAD2,N/A,N/A,In vitro,16751101,1
Q9GZU7,CTDSP1,Q15796,SMAD2,"Thr-8, Ser-245, Ser-250, Ser-255","SILPFtPPVVK, SMDTGsPAELS, SPAELsPTTLS, SPTTLsPVNHS",In vitro and in vivo,"17035229, 17085434",3
O14595,CTDSP2,Q15796,SMAD2,"Thr-8, Ser-245, Ser-250, Ser-255","SILPFtPPVVK, SMDTGsPAELS, SPAELsPTTLS, SPTTLsPVNHS",In vitro and in vivo,"17035229, 17085434",3
O15194,CTDSPL,Q15796,SMAD2,"Thr-8, Ser-245, Ser-250, Ser-255","SILPFtPPVVK, SMDTGsPAELS, SPAELsPTTLS, SPTTLsPVNHS",In vitro and in vivo,"17035229, 17085434",3
Q9P0J1,PDP1,Q15797,SMAD1,N/A,N/A,In vivo,16510868,1
Q9P2J9,PDP2,Q15797,SMAD1,N/A,N/A,In vivo,16510868,1
P67775,PPP2CA,Q15797,SMAD1,N/A,N/A,In vitro and in vivo,19339557,2
P62714,PPP2CB,Q15797,SMAD1,N/A,N/A,In vitro and in vivo,19339557,2
P35813,PPM1A,Q15797,SMAD1,N/A,N/A,In vitro and in vivo,16931515,2
Q9GZU7,CTDSP1,Q15797,SMAD1,"Ser-187, Ser-195, Ser-206 ","HPFPHsPNSSY, SSYPNsPGSSS, STYPHsPTSSD",In vitro and in vivo,"17085434, 16882717",2
O14595,CTDSP2,Q15797,SMAD1,"Ser-187, Ser-195, Ser-206 ","HPFPHsPNSSY, SSYPNsPGSSS, STYPHsPTSSD",In vitro and in vivo,"17085434, 16882717",2
O15194,CTDSPL,Q15797,SMAD1,"Ser-187, Ser-195, Ser-206 ","HPFPHsPNSSY, SSYPNsPGSSS, STYPHsPTSSD",In vitro and in vivo,"17085434, 16882717",2
Q16827,PTPRO,Q16288,NTRK3,N/A,NULL,In vivo,19573017,1
Q13332,PTPRS,Q16288,NTRK3,N/A,N/A,In vivo,17967490,1
Q9NRW4,DUSP22,Q16539,MAPK14,N/A,N/A,In vitro and in vivo,11346645,2
Q68J44,DUPD1,Q16539,MAPK14,N/A,N/A,In vitro and in vivo,21199871,2
P35236,PTPN7,Q16539,MAPK14,Tyr-182,DEMTGyVATRW,In vitro and in vivo,"10206983, 19047375",3
Q13202,DUSP8,Q16539,MAPK14,N/A,N/A,In vitro,"8910287, 10915787",2
P28562,DUSP1,Q16539,MAPK14,N/A,N/A,In vitro and in vivo,"19741200, 9202001",3
Q99956,DUSP9,Q16539,MAPK14,N/A,N/A,In vivo,"11988087, 9030581, 18296638",2
Q9Y6W6,DUSP10,Q16539,MAPK14,N/A,N/A,In vitro and in vivo,"10391943, 10597297",3
Q05923,DUSP2,Q16539,MAPK14,N/A,N/A,In vivo,8626452,1
P67775,PPP2CA,Q16539,MAPK14,Thr-180,TDDEMtGYVAT,In vitro,"12548554, 12297294",2
P62714,PPP2CB,Q16539,MAPK14,Thr-180,TDDEMtGYVAT,In vitro,"12548554, 12297294",2
P35813,PPM1A,Q16539,MAPK14,N/A,N/A,In vitro and in vivo,"9707433, 18586681",3
O15297,PPM1D,Q16539,MAPK14,Thr-180,TDDEMtGYVAT,In vitro,11101524,1
Q9BV47,DUSP26,Q16539,MAPK14,N/A,N/A,In vitro,16924234,1
P51452,DUSP3,Q16539,MAPK14,N/A,N/A,In vivo,12204117,1
P53041,PPP5C,Q16543,CDC37,Ser-13,DHIEVsDDEDE,In vitro and in vivo,18922470,2
P49593,PPM1F,Q16566,CAMK4,N/A,N/A,In vitro,15680915,1
Q8WY54,PPM1E,Q16566,CAMK4,N/A,N/A,In vitro,11726284,1
P67775,PPP2CA,Q16566,CAMK4,N/A,N/A,In vitro,8530476,1
P62714,PPP2CB,Q16566,CAMK4,N/A,N/A,In vitro,8530476,1
P54829,PTPN5,Q16611,BAK1,Tyr-108,TAENAyEYFTK,In vivo,20959805,1
Q13332,PTPRS,Q16620,NTRK2,N/A,N/A,In vivo,17967490,1
Q12913,PTPRJ,Q16625,OCLN,N/A,N/A,In vitro and in vivo,19332538,2
O15355,PPM1G,Q16637,SMN1,N/A,N/A,In vitro and in vivo,17984321,2
Q9UNH5,CDC14A,Q16659,MAPK6,Thr-698,IQATLtPSAMK,In vivo,20236090,1
O60729,CDC14B,Q16659,MAPK6,Thr-698,IQATLtPSAMK,In vivo,20236090,1
P35813,PPM1A,Q5VT25,CDC42BPA,N/A,N/A,In vitro,18586681,1
P67775,PPP2CA,Q6P2M8,PNCK,N/A,N/A,In vitro,1320022,1
P62714,PPP2CB,Q6P2M8,PNCK,N/A,N/A,In vitro,1320022,1
Q08209,PPP3CA,Q6VAB6,KSR2,"Ser-198, Thr-291, Ser-314 ","THLSQsPRVQT, LKPPGtPPPSS, LHRSKsHEFQL",In vivo,19560418,1
P16298,PPP3CB,Q6VAB6,KSR2,"Ser-198, Thr-291, Ser-314 ","THLSQsPRVQT, LKPPGtPPPSS, LHRSKsHEFQL",In vivo,19560418,1
P48454,PPP3CC,Q6VAB6,KSR2,"Ser-198, Thr-291, Ser-314 ","THLSQsPRVQT, LKPPGtPPPSS, LHRSKsHEFQL",In vivo,19560418,1
P67775,PPP2CA,Q6VY07,PACS1,Ser-278,DIDNYsEEEEE,In vitro,14633983,1
P62714,PPP2CB,Q6VY07,PACS1,Ser-278,DIDNYsEEEEE,In vitro,14633983,1
P08575,PTPRC,Q86WV1,SKAP1,Tyr-232,EKEETyDDIDG,In vivo,11909961,1
P18031,PTPN1,Q8IWW6,ARHGAP12,N/A,N/A,In vitro,18515860,1
Q9UNH5,CDC14A,Q8IXJ6,SIRT2,Ser-368,PSTSAsPKKSP,In vivo,17488717,1
O60729,CDC14B,Q8IXJ6,SIRT2,Ser-368,PSTSAsPKKSP,In vivo,"17488717, 12697818",2
P60510,PPP4C,Q8N163,CCAR2,Thr-454,EAAPPtQEAQG,in vitro,26194823,1
P62136,PPP1CA,Q8TEW0,PARD3,"Ser-144, Ser-824","HVRRSsDPALT, GFGRQsMSEKR",In vitro,18641122,1
P67775,PPP2CA,Q8WUI4,HDAC7,"Ser-155, Ser-181, Ser-321, Ser-449 in isoform 3","LRKTVsEPNLK, LLRKEsAPPSL, LSRTRsEPLPP, LSRAQsSPAAP",In vitro and in vivo,18339811,2
P62714,PPP2CB,Q8WUI4,HDAC7,"Ser-155, Ser-181, Ser-321, Ser-449 in isoform 3","LRKTVsEPNLK, LLRKEsAPPSL, LSRTRsEPLPP, LSRAQsSPAAP",In vitro and in vivo,18339811,2
Q08209,PPP3CA,Q8WYL5,SSH1,N/A,N/A,In vitro,15671020,1
P16298,PPP3CB,Q8WYL5,SSH1,N/A,N/A,In vitro,15671020,1
P48454,PPP3CC,Q8WYL5,SSH1,N/A,N/A,In vitro,15671020,1
Q9UNH5,CDC14A,Q92738,USP6NL,N/A,N/A,In vitro and in vivo,17371873,2
Q9BV47,DUSP26,Q92845,KIFAP3,N/A,N/A,In vitro,19043453,1
P60510,PPP4C,Q92918,MAP4K1,N/A,N/A,In vivo,15364934,1
P05186,ALPL,Q92934,BAD,Thr-117 ,SYPAGtEEDEG,In vitro,22820751,1
P62136,PPP1CA,Q92934,BAD,Thr-117 ,SYPAGtEEDEG,In vitro,22820751,1
P62140,PPP1CB,Q92934,BAD,Thr-117 ,SYPAGtEEDEG,In vitro,22820751,1
P36873,PPP1CC,Q92934,BAD,Thr-117 ,SYPAGtEEDEG,In vitro,22820751,1
P67775,PPP2CA,Q92934,BAD,"Ser-112, Thr-117 ","RSRHSsYPAGT, SYPAGtEEDEG",In vitro,"12944463, 22820750",2
P62714,PPP2CB,Q92934,BAD,"Ser-112, Thr-117 ","RSRHSsYPAGT, SYPAGtEEDEG",In vitro,"12944463, 22820750",2
Q08209,PPP3CA,Q92934,BAD,"Ser-75, Ser-99 in Q92934; Thr-117 in Q61337 ","RSRHSsYPAGT, RGRSRsAPPNL, SYPAGtEEDEG",In vitro and in vivo,"10195903, 22820750",3
P16298,PPP3CB,Q92934,BAD,"Ser-75, Ser-99 in Q92934; Thr-117 in Q61337 ","RSRHSsYPAGT, RGRSRsAPPNL, SYPAGtEEDEG",In vitro and in vivo,"10195903, 22820750",3
P48454,PPP3CC,Q92934,BAD,"Ser-75, Ser-99 in Q92934; Thr-117 in Q61337 ","RSRHSsYPAGT, RGRSRsAPPNL, SYPAGtEEDEG",In vitro and in vivo,"10195903, 22820750",3
O75688,PPM1B,Q92934,BAD,Thr-117 ,SYPAGtEEDEG,In vitro,22820751,1
P53041,PPP5C,Q92934,BAD,Thr-117 ,SYPAGtEEDEG,In vitro,22820751,1
P18031,PTPN1,Q93052,LPP,N/A,N/A,In vitro,18515860,1
P62136,PPP1CA,Q96GX5,MASTL,N/A,N/A,In vitro,"26396231, 26872783",2
P62140,PPP1CB,Q96GX5,MASTL,N/A,N/A,In vitro,"26396231, 26872783",2
P36873,PPP1CC,Q96GX5,MASTL,N/A,N/A,In vitro,26396231,1
P62136,PPP1CA,Q99259,GAD1,Thr-91,ARFRRtETDFS,In vitro,15147202,1
P62140,PPP1CB,Q99259,GAD1,Thr-91,ARFRRtETDFS,In vitro,15147202,1
P36873,PPP1CC,Q99259,GAD1,Thr-91,ARFRRtETDFS,In vitro,15147202,1
P67775,PPP2CA,Q99259,GAD1,Thr-91,ARFRRtETDFS,In vitro,15147202,1
P62714,PPP2CB,Q99259,GAD1,Thr-91,ARFRRtETDFS,In vitro,15147202,1
Q08209,PPP3CA,Q99259,GAD1,Thr-91,ARFRRtETDFS,In vitro,"7896780, 15147202",1
P16298,PPP3CB,Q99259,GAD1,Thr-91,ARFRRtETDFS,In vitro,"7896780, 15147202",1
P48454,PPP3CC,Q99259,GAD1,Thr-91,ARFRRtETDFS,In vitro,"7896780, 15147202",1
Q96HS1,PGAM5,Q99683,MAP3K5,N/A,N/A,In vitro and in vivo,19590015,2
Q5SGD2,PPM1L,Q99683,MAP3K5,Thr-845 ,NPCTEtFTGTL,In vitro,17456047,1
P53041,PPP5C,Q99683,MAP3K5,Thr-845 ,NPCTEtFTGTL,In vitro and in vivo,"11689443, 17456047",3
P18031,PTPN1,Q99704,DOK1,N/A,N/A,In vivo,14766979,1
Q9HD43,PTPRH,Q99704,DOK1,N/A,N/A,In vivo,12101188,1
P62136,PPP1CA,Q99835,SMO,N/A,N/A,In vitro,21730325,1
P62140,PPP1CB,Q99835,SMO,N/A,N/A,In vitro,21730325,1
P36873,PPP1CC,Q99835,SMO,N/A,N/A,In vitro,21730325,1
P67775,PPP2CA,Q99835,SMO,N/A,N/A,In vitro,21730325,1
P62714,PPP2CB,Q99835,SMO,N/A,N/A,In vitro,21730325,1
O15355,PPM1G,Q99879,HIST1H2BM,N/A,N/A,In vitro,17074886,1
Q8WYL5,SSH1,Q9BR76,CORO1B,Ser-2,Err:520,In vitro and in vivo,17350576,2
Q12923,PTPN13,Q9BUL8,PDCD10,N/A,N/A,In vitro,17657516,1
P62136,PPP1CA,Q9BV73,CEP250,N/A,N/A,In vitro,10880350,1
P62140,PPP1CB,Q9BV73,CEP250,N/A,N/A,In vitro,10880350,1
P36873,PPP1CC,Q9BV73,CEP250,N/A,N/A,In vitro,10880350,1
P67775,PPP2CA,Q9BXL7,CARD11,Ser-644 ,MFRKFsLERPF,In vitro and in vivo,21157432,2
P62714,PPP2CB,Q9BXL7,CARD11,Ser-644 ,MFRKFsLERPF,In vitro and in vivo,21157432,2
P60510,PPP4C,Q9GZM8,NDEL1,Thr-219,LSLPAtPVGKG,In vitro and in vivo,18347064,2
P67775,PPP2CA,Q9H0H5,RACGAP1,"Ser-387, Thr-588 ","GLYRIsGCDRT, HQLLKtPSSSS",In vitro,18201571,1
P62714,PPP2CB,Q9H0H5,RACGAP1,"Ser-387, Thr-588 ","GLYRIsGCDRT, HQLLKtPSSSS",In vitro,18201571,1
O15297,PPM1D,Q9H0Z9,RBM38,Ser-195,YPYAAsPATAA,In vitro and in vivo,25823026,2
P18031,PTPN1,Q9H1D0,TRPV6,"Tyr-161, Tyr-162 ","PHNLIyYGEHP, HNLIYyGEHPL",In vitro and in vivo,"17197020, 15894168",2
Q9UNH5,CDC14A,Q9NQR1,KMT5A,Ser-100 ,IYSYMsPNKCS,In vitro and in vivo,20966048,2
O60729,CDC14B,Q9NQR1,KMT5A,Ser-100 ,IYSYMsPNKCS,In vitro and in vivo,20966048,2
Q9UNH5,CDC14A,Q9NQS7,INCENP,N/A,N/A,In vitro,15263015,1
Q99952,PTPN18,Q9NRY4,ARHGAP35,N/A,NULL,In vivo,12554790,1
P23471,PTPRZ1,Q9NRY4,ARHGAP35,Tyr-1105,EEENIySVPHD,In vitro and in vivo,"16513268, 15588986",2
Q06124,PTPN11,Q9NWQ8,PAG1,N/A,N/A,In vivo,14967142,1
P67775,PPP2CA,Q9NYA1,SPHK1,Ser-225,SKTPAsPVVVQ,In vitro,18852266,1
P62714,PPP2CB,Q9NYA1,SPHK1,Ser-225,SKTPAsPVVVQ,In vitro,18852266,1
P67775,PPP2CA,Q9UD71,PPP1R1B,Thr-75 ,NPCAYtPPSLK,In vitro,"12065642, 10217279",1
P62714,PPP2CB,Q9UD71,PPP1R1B,Thr-75 ,NPCAYtPPSLK,In vitro,"12065642, 10217279",1
Q08209,PPP3CA,Q9UD71,PPP1R1B,Thr-34,RRRRPtPAMLF,In vitro,"12065642, 10217279",1
P16298,PPP3CB,Q9UD71,PPP1R1B,Thr-34,RRRRPtPAMLF,In vitro,"12065642, 10217279",1
P48454,PPP3CC,Q9UD71,PPP1R1B,Thr-34,RRRRPtPAMLF,In vitro,"12065642, 10217279",1
O15355,PPM1G,Q9UHI6,DDX20,N/A,N/A,In vitro and in vivo,17984321,2
Q9UNH5,CDC14A,Q9UM11,FZR1,N/A,N/A,In vitro and in vivo,"12134069, 11598127",3
O60729,CDC14B,Q9UM11,FZR1,N/A,N/A,In vivo,18662541,1
P18031,PTPN1,Q9UM73,ALK,N/A,N/A,in vitro,23499906,1
O95278,EPM2A,Q9UMS0,NFU1,N/A,N/A,In vitro,12915448,1
P53041,PPP5C,Q9UPZ9,ICK,Thr-157,SKPPYtDYVST,In vitro and in vivo,16954377,2
P29350,PTPN6,Q9UQC2,GAB2,Tyr-632 ,DEKVDyVQVDK,In vitro,11812650,1
Q06124,PTPN11,Q9UQC2,GAB2,Tyr-603 ,TGSVDyLALDF,In vitro,"11812650, 10068651",2
P49593,PPM1F,Q9UQM7,CAMK2A,Thr-286,MHRQEtVDCLK,In vitro,15140879,1
P62136,PPP1CA,Q9UQM7,CAMK2A,Thr-286,MHRQEtVDCLK,In vitro,9109540,1
P62140,PPP1CB,Q9UQM7,CAMK2A,Thr-286,MHRQEtVDCLK,In vitro,9109540,1
P36873,PPP1CC,Q9UQM7,CAMK2A,Thr-286,MHRQEtVDCLK,In vitro,9109540,1
P67775,PPP2CA,Q9UQM7,CAMK2A,Thr-286,MHRQEtVDCLK,In vitro,"9109540, 7798931",2
P62714,PPP2CB,Q9UQM7,CAMK2A,Thr-286,MHRQEtVDCLK,In vitro,"9109540, 7798931",2
O60346,PHLPP1,Q9Y243,AKT3,Ser-472 ,HFPQFsYSASG,In vitro and in vivo,"17386267, 19261608",3
Q6ZVD8,PHLPP2,Q9Y243,AKT3,Ser-472 ,HFPQFsYSASG,In vitro and in vivo,"17386267, 19261608",3
P67775,PPP2CA,Q9Y243,AKT3,"Thr-305, Ser-472 ","AATMKtFCGTP, HFPQFsYSASG",In vitro and in vivo,18160256,2
P62714,PPP2CB,Q9Y243,AKT3,"Thr-305, Ser-472 ","AATMKtFCGTP, HFPQFsYSASG",In vitro and in vivo,18160256,2
Q5SGD2,PPM1L,Q9Y5P4,COL4A3BP,N/A,N/A,In vivo,18165232,1
P35813,PPM1A,Q9Y5S2,CDC42BPB,N/A,N/A,In vitro,18586681,1
Q06124,PTPN11,Q9Y6R4,MAP3K4,N/A,N/A,In vitro and in vivo,15601262,2
P36873,PPP1CC,O75533,SF3B1,NA,NA,in vitro and in vivo,18842582,2
P62136,PPP1CA,O75533,SF3B1,NA,NA,in vitro and in vivo,22940584; 18842582,3
P62136,PPP1CA,O75533,SF3B1,NA,NA,in vitro and in vivo,18842582,2
P62140,PPP1CB,O75533,SF3B1,NA,NA,in vitro and in vivo,18842582,2
Q9Y2R2,PTPN22,O75563,SKAP2,Tyr-75,EDGEEyDDPFA,in vitro,21719704,1
P18433,PTPRA,P00533,EGFR,Tyr-1197,AENAEyLRVAP,in vitro,28065597,1
P23467,PTPRB,P00533,EGFR,Tyr-1197,AENAEyLRVAP,in vitro,28065597,1
Q05209,PTPN12,P00533,EGFR,Tyr-1148,1148 is not a Tyr in HsEGFR,in vivo,21376233,1
Q9HD43,PTPRH,P00533,EGFR,Tyr-1197,AENAEyLRVAP,in vitro,28065597,1
Q9GZU7,CTDSP1,P01106,MYC,Ser-62,PTPPLsPSRRS,in vitro and in vivo,25893300,2
P29350,PTPN6,P04626,ERBB2,NA,NA,in vitro,28065597,1
Q05209,PTPN12,P04626,ERBB2,Tyr-1248,AENPEyLGLDV,in vivo,21376233,1
Q06124,PTPN11,P04626,ERBB2,NA,NA,in vitro,28065597,1
Q99952,PTPN18,P04626,ERBB2,"Tyr-1112, Tyr1196, Tyr-1248",SPLQRySEDPT; VENPEyLTPQG; AENPEyLGLDV,in vitro,25081058,1
Q06124,PTPN11,P06239,LCK,"Tyr-394, Tyr-505",IEDNEyTAREG; ATEGQyQPQP-,in vitro,28280247,1
P62714,PPP2CB,P06730,EIF4E,Ser-209,ATKSGsTTKNR,in vitro,20927323,1
P67775,PPP2CA,P06730,EIF4E,Ser-209,ATKSGsTTKNR,in vitro,20927323,1
Q06124,PTPN11,P10747,CD28,NA,NA,in vitro and in vivo,28280247,2
P62714,PPP2CB,P15927,RPA2,"Thr-21, Ser-33",GAGGYtQSPGG; GSPAPsQAEKK,in vitro and in vivo,19704001,2
P67775,PPP2CA,P15927,RPA2,"Thr-21, Ser-33",GAGGYtQSPGG; GSPAPsQAEKK,in vitro and in vivo,19704001,2
P16298,PPP3CB,P19484,TFEB,"Ser-142, Ser211",NSAPNsPMAML; GVTSSsCPADL,in vitro and in vivo,25720963,2
P48454,PPP3CC,P19484,TFEB,"Ser-142, Ser211",NSAPNsPMAML; GVTSSsCPADL,in vitro and in vivo,25720963,2
Q08209,PPP3CA,P19484,TFEB,"Ser-142, Ser211",NSAPNsPMAML; GVTSSsCPADL,in vitro and in vivo,25720963,2
P36873,PPP1CC,P24928,POLR2A,multiple,multiple,in vitro,12185079,1
P62136,PPP1CA,P24928,POLR2A,multiple,multiple,in vitro,12185079,1
P62140,PPP1CB,P24928,POLR2A,multiple,multiple,in vitro,12185079,1
P62714,PPP2CB,P25054,APC,NA,NA,in vitro,10698523,1
P67775,PPP2CA,P25054,APC,NA,NA,in vitro,10698523,1
P16298,PPP3CB,P25963,NFKBIA,Ser-32,DDRHDsGLDSM,in vitro,10973957,1
P48454,PPP3CC,P25963,NFKBIA,Ser-32,DDRHDsGLDSM,in vitro,10973957,1
P62714,PPP2CB,P25963,NFKBIA,NA,NA,in vitro and in vivo,29139553,2
P67775,PPP2CA,P25963,NFKBIA,NA,NA,in vitro and in vivo,29139553,2
Q08209,PPP3CA,P25963,NFKBIA,Ser-32,DDRHDsGLDSM,in vitro,10973957,1
P67775,PPP2CA,P27361,MAPK3,NA,NA,in vitro,12840032,1
Q15256,PTPRR,P27361,MAPK3,NA,NA,in vitro,10601328,1
Q15256,PTPRR,P28482,MAPK1,NA,NA,in vitro,10601328,1
Q9GZU7,CTDSP1,P31749,AKT1,Ser-473,HFPQFsYSASG,in vitro and in vivo,28440748,2
P36873,PPP1CC,P33981,TTK,Thr-676,MQPDTtSVVKD,in vitro and in vivo,28463114,2
P08575,PTPRC,P41240,CSK,NA,NA,in vitro,7507203,1
P26045,PTPN3,P42566,EPS15,Tyr-849,ANFSAyPSEED,in vitro,25728925,1
O75688,PPM1B,P52565,ARHGDIA,Ser-176,MLARGsYSIKS,in vitro and in vivo,29307615,2
P62714,PPP2CB,Q04206,RELA,NA,NA,in vitro and in vivo,29139553,2
P04626,ERBB2,Q06124,PTPN11,Tyr-1023,VDAEEyLVPQQ,in vitro,19261604,1
Q9GZU7,CTDSP1,Q13127,REST,"Ser-861, Ser-864",STEDLsPPSPP; DLSPPsPPLPK,in vitro,30217818,1
P18031,PTPN1,Q13882,PTK6,Tyr-342,IKEDVyLSHDH,in vitro,"25897081, 29142193",2
P18031,PTPN1,Q13882,PTK6,Tyr-342,IKEDVyLSHDH,in vitro,25897081,1
P60484,PTEN,Q13882,PTK6,Tyr-342,IKEDVyLSHDH,in vitro and in vivo,29142193,2
O15297,PPM1D,Q13950,RUNX2,Ser-432,PGSSQsQSGPF,in vitro and in vivo,22065775,2
P16298,PPP3CB,Q14847,LASP1,Ser-146,PERRDsQDGSS,in vitro and in vivo,22665060,2
Q08209,PPP3CA,Q14847,LASP1,Ser-146,PERRDsQDGSS,in vitro and in vivo,22665060,2
P48454,PPP3CC,Q14847,LASP1,Ser-146,PERRDsQDGSS,in vitro and in vivo,22665060,2
Q06124,PTPN11,Q15116,PDCD1,NA,NA,in vitro and in vivo,28280247,2
P29350,PTPN6,Q15303,ERBB4,Tyr-984,DPQRyLVIQG,in vitro,28065597,1
Q06124,PTPN11,Q15303,ERBB4,Tyr-984,DPQRyLVIQG,in vitro,28065597,1
P36873,PPP1CC,Q92736,RYR2,"Ser-2808, Ser-2814",RTRRIsQTSQV; QTSQVsVDAAH,in vitro and in vivo,18755143,2
P62136,PPP1CA,Q92736,RYR2,"Ser-2808, Ser-2814",RTRRIsQTSQV; QTSQVsVDAAH,in vitro and in vivo,18755143,2
P62140,PPP1CB,Q92736,RYR2,"Ser-2808, Ser-2814",RTRRIsQTSQV; QTSQVsVDAAH,in vitro and in vivo,18755143,2
P62714,PPP2CB,Q92736,RYR2,Ser-2814,QTSQVsVDAAH,in vitro,18755143,1
P67775,PPP2CA,Q92736,RYR2,Ser-2814,QTSQVsVDAAH,in vitro,18755143,1
Q9Y5B0,CTDP1,Q96GX5,MASTL,"Ser-90, Ser-453",LALSKsPFIVH; ELVDSsPCKKI,in vitro,26653855,1
P62140,PPP1CB,Q99459,CDC5L,NA,NA,in vitro,22940584,1
P18031,PTPN1,Q9NWQ8,PAG1,Tyr-317,EISAMySSVNK,in vitro,25897081,1
P23471,PTPRZ1,Q9UM73,ALK,NA,NA,in vitro,17681947,1
Q96HS1,PGAM5,Q14693,LPIN1,NA,NA,in vitro and in vivo,30642635,2
O95147,DUSP14,P27361,MAPK3,N/A,N/A,In vitro and in vivo,11123293,2
O95147,DUSP14,P45984,MAPK9,N/A,N/A,In vitro and in vivo,11123293,2
O95147,DUSP14,Q16539,MAPK14,N/A,N/A,In vitro,11123293,1
